Date,AAPL,MSFT,GOOGL
2018-01-02,40.42682647705078,79.32852935791016,53.340599060058594
2018-01-03,40.419776916503906,79.69771575927734,54.250640869140625
2018-01-04,40.6075325012207,80.39913940429688,54.46137619018555
2018-01-05,41.069862365722656,81.39593505859375,55.18354415893555
2018-01-08,40.917320251464844,81.47903442382812,55.37837600708008
2018-01-09,40.912628173828125,81.42364501953125,55.307796478271484
2018-01-10,40.90323257446289,81.0544662475586,55.176090240478516
2018-01-11,41.13556671142578,81.29443359375,55.27102279663086
2018-01-12,41.56034851074219,82.69732666015625,56.19548034667969
2018-01-16,41.3491325378418,81.54361724853516,56.197959899902344
2018-01-17,42.032073974609375,83.19570922851562,56.61545944213867
2018-01-18,42.06961441040039,83.15880584716797,56.45989227294922
2018-01-19,41.88186264038086,83.0665283203125,56.834144592285156
2018-01-22,41.53923034667969,84.55250549316406,57.860984802246094
2018-01-23,41.548606872558594,84.82014465332031,58.45790100097656
2018-01-24,40.886810302734375,84.74630737304688,58.21535873413086
2018-01-25,40.15693664550781,85.217041015625,58.75463104248047
2018-01-26,40.25080490112305,86.8137435913086,59.02401351928711
2018-01-29,39.41768264770508,86.68452453613281,58.970333099365234
2018-01-30,39.18534469604492,85.59541320800781,58.517547607421875
2018-01-31,39.29330825805664,87.6905517578125,58.758602142333984
2018-02-01,39.37544250488281,86.99832916259766,58.72728729248047
2018-02-02,37.66692352294922,84.70938873291016,55.62638854980469
2018-02-05,36.72583770751953,81.2206039428711,52.802825927734375
2018-02-06,38.260684967041016,84.29405212402344,53.89825439453125
2018-02-07,37.44162368774414,82.70655822753906,52.45590591430664
2018-02-08,36.411354064941406,78.46095275878906,50.08512878417969
2018-02-09,36.85672378540039,81.38672637939453,52.00162887573242
2018-02-12,38.34126663208008,82.26354217529297,52.413658142089844
2018-02-13,38.725372314453125,82.90961456298828,52.392784118652344
2018-02-14,39.439361572265625,84.20783233642578,53.315250396728516
2018-02-15,40.763668060302734,85.92334747314453,54.24269104003906
2018-02-16,40.6317024230957,85.31132507324219,54.44845962524414
2018-02-20,40.49504852294922,85.97896575927734,54.85054397583008
2018-02-21,40.311248779296875,84.8384017944336,55.35551452636719
2018-02-22,40.64820861816406,85.06095886230469,55.164161682128906
2018-02-23,41.35513687133789,87.22154235839844,56.068241119384766
2018-02-26,42.172813415527344,88.48267364501953,56.844085693359375
2018-02-27,42.0361328125,87.35136413574219,55.54239273071289
2018-02-28,41.97251510620117,86.95262908935547,54.866943359375
2018-03-01,41.2373046875,86.09951782226562,53.251129150390625
2018-03-02,41.52244186401367,86.28497314453125,53.88384246826172
2018-03-05,41.66617965698242,86.83207702636719,54.411678314208984
2018-03-06,41.630828857421875,86.53535461425781,54.71684646606445
2018-03-07,41.24436950683594,87.03609466552734,55.41962814331055
2018-03-08,41.694461822509766,87.56465148925781,56.13235855102539
2018-03-09,42.41080093383789,89.52124786376953,57.695980072021484
2018-03-12,42.8208122253418,89.73451232910156,57.94895553588867
2018-03-13,42.408443450927734,87.54611206054688,56.65571212768555
2018-03-14,42.04792404174805,87.02680969238281,57.1020393371582
2018-03-15,42.09739685058594,87.33282470703125,57.18752670288086
2018-03-16,41.94895553588867,87.72232055664062,56.382850646972656
2018-03-19,41.308006286621094,86.13660430908203,54.67559051513672
2018-03-20,41.29385757446289,86.3591537475586,54.46335983276367
2018-03-21,40.35834884643555,85.75643157958984,54.3739013671875
2018-03-22,39.78811264038086,83.2619857788086,52.34357833862305
2018-03-23,38.86675262451172,80.84174346923828,51.02150344848633
2018-03-26,40.71183776855469,86.96190643310547,52.390296936035156
2018-03-27,39.66792678833008,82.96527099609375,50.04685592651367
2018-03-28,39.22964859008789,82.89108276367188,49.959373474121094
2018-03-29,39.53598403930664,84.6343994140625,51.547847747802734
2018-04-02,39.27676773071289,82.0843276977539,50.329654693603516
2018-04-03,39.67972183227539,83.18779754638672,50.63035202026367
2018-04-04,40.43849182128906,85.61732482910156,51.17856216430664
2018-04-05,40.71889877319336,85.66370391845703,51.32419204711914
2018-04-06,39.677371978759766,83.67001342773438,50.19645690917969
2018-04-09,40.07087326049805,84.17072296142578,50.700439453125
2018-04-10,40.82493591308594,86.12734985351562,51.51604080200195
2018-04-11,40.63406753540039,85.18147277832031,50.947444915771484
2018-04-12,41.03465270996094,86.77644348144531,51.555301666259766
2018-04-13,41.173683166503906,86.31280517578125,51.4931755065918
2018-04-16,41.43052673339844,87.32354736328125,51.99317932128906
2018-04-17,42.000789642333984,89.08540344238281,53.64625930786133
2018-04-18,41.90652084350586,89.42853546142578,53.44894790649414
2018-04-19,40.71889877319336,89.12252807617188,54.14775848388672
2018-04-20,39.05055236816406,88.09320831298828,53.54487228393555
2018-04-23,38.93745803833008,88.41775512695312,53.370418548583984
2018-04-24,38.39546585083008,86.34989166259766,50.82717514038086
2018-04-25,38.56277084350586,85.59876251220703,50.844566345214844
2018-04-26,38.69709014892578,87.40703582763672,51.85451126098633
2018-04-27,38.24937438964844,88.85359954833984,51.265045166015625
2018-04-30,38.94216537475586,86.7208251953125,50.62538146972656
2018-05-01,39.84702682495117,88.09320831298828,51.727272033691406
2018-05-02,41.60725784301758,86.71154022216797,50.99665832519531
2018-05-03,41.68267822265625,87.2308349609375,51.00908279418945
2018-05-04,43.31802749633789,88.2415771484375,52.236717224121094
2018-05-07,43.63143539428711,89.2245101928711,52.657196044921875
2018-05-08,43.841148376464844,88.84431457519531,52.613956451416016
2018-05-09,44.14984130859375,89.89218139648438,54.122901916503906
2018-05-10,44.78135299682617,90.79164123535156,54.94398498535156
2018-05-11,44.611053466796875,90.59690856933594,54.84010314941406
2018-05-14,44.506961822509766,90.9029312133789,55.00014877319336
2018-05-15,44.10247039794922,90.24452209472656,53.92012023925781
2018-05-16,44.51405715942383,90.47737121582031,53.88135528564453
2018-05-17,44.232566833496094,89.57396697998047,53.74069595336914
2018-05-18,44.071712493896484,89.74163818359375,53.16316223144531
2018-05-21,44.383949279785156,90.89643096923828,53.87738037109375
2018-05-22,44.27277755737305,90.80332946777344,53.444969177246094
2018-05-23,44.556644439697266,91.88365936279297,53.97429656982422
2018-05-24,44.506961822509766,91.55768585205078,53.94894790649414
2018-05-25,44.60868835449219,91.60424041748047,53.880859375
2018-05-29,44.44782257080078,91.27830505371094,53.08512496948242
2018-05-30,44.35321044921875,92.15373992919922,53.552330017089844
2018-05-31,44.20417785644531,92.05130004882812,54.67211151123047
2018-06-01,45.001346588134766,93.86735534667969,56.411685943603516
2018-06-04,45.37746810913086,94.68692779541016,57.30829620361328
2018-06-05,45.72755432128906,95.17119598388672,57.20790481567383
2018-06-06,45.88605499267578,95.45059967041016,57.005619049072266
2018-06-07,45.7630500793457,93.95116424560547,56.382850646972656
2018-06-08,45.34671401977539,94.64967346191406,56.2978630065918
2018-06-11,45.23553466796875,94.1094970703125,56.704917907714844
2018-06-12,45.483909606933594,94.35163879394531,57.06724548339844
2018-06-13,45.110164642333984,93.92322540283203,56.870426177978516
2018-06-14,45.133811950683594,94.45408630371094,57.65969467163086
2018-06-15,44.67018508911133,93.25270080566406,57.61794662475586
2018-06-18,44.646522521972656,93.93254089355469,58.82619857788086
2018-06-19,43.925052642822266,93.93254089355469,58.58315658569336
2018-06-20,44.11664581298828,94.87318420410156,58.85055160522461
2018-06-21,43.87063980102539,94.19332122802734,58.123416900634766
2018-06-22,43.74290466308594,93.51345825195312,58.11595916748047
2018-06-25,43.09239196777344,91.6322021484375,56.6244010925293
2018-06-26,43.62697982788086,92.27483367919922,56.29338836669922
2018-06-27,43.56312942504883,90.84059143066406,55.514060974121094
2018-06-28,43.88010787963867,91.855712890625,56.00313186645508
2018-06-29,43.787845611572266,91.83708190917969,56.12290954589844
2018-07-02,44.27750778198242,93.14092254638672,56.76506042480469
2018-07-03,43.506343841552734,92.24685668945312,55.481258392333984
2018-07-05,43.8564453125,92.90808868408203,56.724300384521484
2018-07-06,44.46437072753906,94.2119369506836,57.409698486328125
2018-07-09,45.08177947998047,94.85453796386719,58.016056060791016
2018-07-10,45.027374267578125,95.10601806640625,58.00909423828125
2018-07-11,44.443092346191406,94.97563934326172,58.223812103271484
2018-07-12,45.188228607177734,97.03384399414062,59.70492935180664
2018-07-13,45.259185791015625,98.18867492675781,59.86198806762695
2018-07-16,45.15984344482422,97.70439147949219,59.46884536743164
2018-07-17,45.28758239746094,98.67295837402344,60.29240417480469
2018-07-18,45.03919982910156,97.89996337890625,60.28395462036133
2018-07-19,45.3892936706543,97.22940063476562,59.59757614135742
2018-07-20,45.285213470458984,98.97096252441406,59.53693771362305
2018-07-23,45.325435638427734,100.55419921875,60.18902587890625
2018-07-24,45.65422439575195,100.26549530029297,62.53247833251953
2018-07-25,46.084754943847656,103.21778106689453,63.41667175292969
2018-07-26,45.94045639038086,102.09088897705078,63.89181900024414
2018-07-27,45.176395416259766,100.28414154052734,62.27104187011719
2018-07-30,44.92328643798828,98.1327896118164,61.135353088378906
2018-07-31,45.013179779052734,98.79403686523438,60.99519348144531
2018-08-01,47.664913177490234,98.98029327392578,61.281978607177734
2018-08-02,49.05819320678711,100.18168640136719,61.68654251098633
2018-08-03,49.20012283325195,100.61939239501953,61.5389289855957
2018-08-06,49.455604553222656,100.70320892333984,61.51457595825195
2018-08-07,48.9919548034668,101.40170288085938,62.41765594482422
2018-08-08,49.025081634521484,101.96978759765625,62.690521240234375
2018-08-09,49.410648345947266,102.1374282836914,62.846092224121094
2018-08-10,49.263484954833984,101.51347351074219,62.25214767456055
2018-08-13,49.58156967163086,100.77771759033203,62.05980682373047
2018-08-14,49.790462493896484,102.03500366210938,62.531978607177734
2018-08-15,49.90678024291992,100.65133666992188,61.24369812011719
2018-08-16,50.63791275024414,100.63265991210938,60.838130950927734
2018-08-17,51.64915084838867,100.57655334472656,60.43008041381836
2018-08-20,51.14590835571289,99.91277313232422,60.73326110839844
2018-08-21,51.046199798583984,99.08071899414062,60.50761413574219
2018-08-22,51.0485725402832,100.09040069580078,60.723323822021484
2018-08-23,51.15302658081055,100.5578384399414,60.69399642944336
2018-08-24,51.31207275390625,101.34317016601562,61.46884536743164
2018-08-27,51.7346076965332,102.4650650024414,62.439029693603516
2018-08-28,52.15239334106445,103.08210754394531,61.921630859375
2018-08-29,52.93100357055664,104.72750854492188,62.85553741455078
2018-08-30,53.417633056640625,104.66204833984375,62.34807205200195
2018-08-31,54.034812927246094,105.01734924316406,61.22282409667969
2018-09-04,54.208106994628906,104.43768310546875,60.204429626464844
2018-09-05,53.854408264160156,101.42732238769531,59.59757614135742
2018-09-06,52.9594841003418,101.66106414794922,58.84657669067383
2018-09-07,52.53219223022461,101.16553497314453,58.52848815917969
2018-09-10,51.82717514038086,102.2593765258789,58.402740478515625
2018-09-11,53.137516021728516,103.99828338623047,59.14479064941406
2018-09-12,52.477603912353516,104.43768310546875,58.23077392578125
2018-09-13,53.74522018432617,105.55958557128906,58.75463104248047
2018-09-14,53.13514709472656,105.9896240234375,58.54786682128906
2018-09-17,51.720367431640625,104.8396987915039,57.64577865600586
2018-09-18,51.805816650390625,105.8400650024414,58.00761032104492
2018-09-19,51.836669921875,104.42835998535156,58.36347198486328
2018-09-20,52.2307243347168,106.1766128540039,59.22332000732422
2018-09-21,51.66813278198242,106.82170104980469,58.256614685058594
2018-09-24,52.41114044189453,107.20500946044922,58.62639617919922
2018-09-25,52.743473052978516,106.99933624267578,59.338626861572266
2018-09-26,52.323307037353516,106.55992889404297,59.34707260131836
2018-09-27,53.39863967895508,106.9619369506836,60.00811004638672
2018-09-28,53.586158752441406,106.92453002929688,59.99419403076172
2018-10-01,53.94698715209961,108.08381652832031,60.066261291503906
2018-10-02,54.426490783691406,107.65374755859375,60.02202606201172
2018-10-03,55.08879089355469,107.67243957519531,60.215370178222656
2018-10-04,54.12027359008789,105.4474105834961,58.50264358520508
2018-10-05,53.241966247558594,104.83036041259766,58.043392181396484
2018-10-08,53.1185302734375,103.6336898803711,57.45144271850586
2018-10-09,53.854408264160156,104.95189666748047,56.91714859008789
2018-10-10,51.35954284667969,99.2490005493164,54.28245544433594
2018-10-11,50.90614318847656,99.0152816772461,54.21186828613281
2018-10-12,52.72447967529297,102.43701171875,55.6929931640625
2018-10-15,51.596923828125,100.59524536132812,54.79338455200195
2018-10-16,52.73397445678711,103.77391815185547,56.31624984741211
2018-10-17,52.5060920715332,103.50279998779297,56.04338455200195
2018-10-18,51.278846740722656,101.4366683959961,54.568241119384766
2018-10-19,52.059814453125,101.58623504638672,54.929569244384766
2018-10-22,52.377899169921875,102.49308776855469,55.23722457885742
2018-10-23,52.87165451049805,101.06269836425781,55.413169860839844
2018-10-24,51.05807876586914,95.65898132324219,52.5408935546875
2018-10-25,52.1761360168457,101.24967193603516,54.85054397583008
2018-10-26,51.345298767089844,99.9969253540039,53.86445617675781
2018-10-29,50.38153076171875,97.08936309814453,51.428070068359375
2018-10-30,50.63315200805664,96.97721099853516,52.16265869140625
2018-10-31,51.9529914855957,99.85668182373047,54.20391845703125
2018-11-01,52.75058364868164,99.02461242675781,53.97529220581055
2018-11-02,49.25160217285156,99.2490005493164,53.25511169433594
2018-11-05,47.85344314575195,100.5111083984375,52.471805572509766
2018-11-06,48.370914459228516,100.70745086669922,53.15968322753906
2018-11-07,49.837947845458984,104.67140197753906,55.08164978027344
2018-11-08,49.66403579711914,104.47508239746094,54.405216217041016
2018-11-09,48.70644760131836,102.43701171875,53.52996826171875
2018-11-12,46.25290298461914,99.91277313232422,52.155208587646484
2018-11-13,45.79077911376953,99.97823333740234,52.086116790771484
2018-11-14,44.49730682373047,98.56043243408203,52.414649963378906
2018-11-15,45.595458984375,100.72937774658203,53.23324203491211
2018-11-16,46.1004638671875,101.67770385742188,53.095069885253906
2018-11-19,44.273380279541016,98.2318115234375,51.06474685668945
2018-11-20,42.158111572265625,95.49950408935547,51.21534729003906
2018-11-21,42.11045837402344,96.81401062011719,51.8604736328125
2018-11-23,41.0409049987793,96.77643585205078,51.19794845581055
2018-11-26,41.595916748046875,99.96883392333984,52.48224639892578
2018-11-27,41.50542068481445,100.59790802001953,52.30033493041992
2018-11-28,43.101409912109375,104.33489227294922,54.264060974121094
2018-11-29,42.770301818847656,103.46168518066406,54.402732849121094
2018-11-30,42.53923416137695,104.11895751953125,55.1517333984375
2018-12-03,44.025657653808594,105.24565887451172,55.48523712158203
2018-12-04,42.089019775390625,101.89366149902344,52.806800842285156
2018-12-06,41.6197509765625,102.52276611328125,53.58264923095703
2018-12-07,40.13571548461914,98.4195785522461,52.017032623291016
2018-12-10,40.40013122558594,101.02044677734375,52.345069885253906
2018-12-11,40.169063568115234,101.95938110351562,52.766048431396484
2018-12-12,40.2810173034668,102.41947174072266,53.36644744873047
2018-12-13,40.721702575683594,102.7668685913086,53.35700225830078
2018-12-14,39.418697357177734,99.55570220947266,52.272003173828125
2018-12-17,39.05187225341797,96.60741424560547,50.97677993774414
2018-12-18,39.55925750732422,97.6214828491211,51.85947799682617
2018-12-19,38.32533645629883,97.35857391357422,51.464351654052734
2018-12-20,37.35819625854492,95.31169891357422,50.87389373779297
2018-12-21,35.9051399230957,92.23200988769531,49.26702880859375
2018-12-24,34.97612762451172,88.38233947753906,48.93999481201172
2018-12-26,37.43919372558594,94.4197006225586,52.08015441894531
2018-12-27,37.196231842041016,95.00184631347656,52.331153869628906
2018-12-28,37.21527862548828,94.26007843017578,52.022010803222656
2018-12-31,37.57497787475586,95.36803436279297,51.936519622802734
2019-01-02,37.61783981323242,94.94551849365234,52.41962432861328
2019-01-03,33.87083435058594,91.45266723632812,50.96782302856445
2019-01-04,35.31675338745117,95.70603942871094,53.582149505615234
2019-01-07,35.2381477355957,95.82811737060547,53.47529220581055
2019-01-08,35.90989685058594,96.52294158935547,53.94497299194336
2019-01-09,36.519710540771484,97.9031753540039,53.76007843017578
2019-01-10,36.63642883300781,97.2740707397461,53.61992263793945
2019-01-11,36.27674102783203,96.52294158935547,52.90620040893555
2019-01-14,35.73125076293945,95.81871795654297,52.26206588745117
2019-01-15,36.46254348754883,98.59798431396484,54.00163269042969
2019-01-16,36.907989501953125,98.94539642333984,54.15074157714844
2019-01-17,37.12715148925781,99.64022064208984,54.628379821777344
2019-01-18,37.35581588745117,101.13311004638672,55.034934997558594
2019-01-22,36.517333984375,99.22708129882812,53.609981536865234
2019-01-23,36.66501998901367,100.1941909790039,53.89726257324219
2019-01-24,36.37440872192383,99.71533203125,53.87688064575195
2019-01-25,37.57973861694336,100.62609100341797,54.747161865234375
2019-01-28,37.231956481933594,98.6636962890625,53.67111587524414
2019-01-29,36.84606170654297,96.65438079833984,53.18404006958008
2019-01-30,39.36391830444336,99.88433074951172,54.57221221923828
2019-01-31,39.64738464355469,98.05339813232422,55.95889663696289
2019-02-01,39.66645050048828,96.50414276123047,55.59756088256836
2019-02-04,40.79317855834961,99.28340148925781,56.73076248168945
2019-02-05,41.49111557006836,100.67302703857422,57.250152587890625
2019-02-06,41.50542068481445,99.55570220947266,55.80979537963867
2019-02-07,40.719337463378906,98.84210968017578,54.965850830078125
2019-02-08,40.76716613769531,99.21768188476562,54.790401458740234
2019-02-11,40.5327262878418,98.82331848144531,54.77748107910156
2019-02-12,40.88200759887695,100.36319732666016,56.04289245605469
2019-02-13,40.71213912963867,100.2880859375,56.09507751464844
2019-02-14,40.86046600341797,100.37258911132812,56.12340545654297
2019-02-15,40.76955032348633,101.61198425292969,55.647762298583984
2019-02-19,40.89157485961914,101.56501770019531,55.98971176147461
2019-02-20,41.15472412109375,101.0369873046875,55.695472717285156
2019-02-21,40.922672271728516,103.16802978515625,54.88135528564453
2019-02-22,41.379608154296875,104.63904571533203,55.49517822265625
2019-02-25,41.681026458740234,105.22367095947266,55.533451080322266
2019-02-26,41.704952239990234,105.94974517822266,55.766048431396484
2019-02-27,41.834129333496094,105.77058410644531,55.80979537963867
2019-02-28,41.42265701293945,105.63855743408203,55.99169921875
2019-03-01,41.858062744140625,106.11004638671875,57.083648681640625
2019-03-04,42.0685920715332,105.85545349121094,57.32719421386719
2019-03-05,41.992027282714844,105.32740020751953,58.11098861694336
2019-03-06,41.75040817260742,105.37455749511719,57.899757385253906
2019-03-07,41.267154693603516,104.09213256835938,57.1994514465332
2019-03-08,41.36524200439453,104.20529174804688,57.15571975708008
2019-03-11,42.79823684692383,106.3929214477539,58.611488342285156
2019-03-12,43.279083251953125,107.13787078857422,59.50562286376953
2019-03-13,43.47047424316406,107.9676513671875,59.5955810546875
2019-03-14,43.953712463378906,108.0525131225586,59.271026611328125
2019-03-15,44.52547073364258,109.2972183227539,59.16019821166992
2019-03-18,44.98000717163086,110.86250305175781,59.07321548461914
2019-03-19,44.62355422973633,110.93793487548828,59.76457214355469
2019-03-20,45.01350784301758,110.81535339355469,60.955928802490234
2019-03-21,46.671356201171875,113.361328125,61.43803787231445
2019-03-22,45.70486831665039,110.37217712402344,60.022525787353516
2019-03-25,45.15225601196289,110.94738006591797,59.5120849609375
2019-03-26,44.68575668334961,111.18311309814453,59.13733673095703
2019-03-27,45.08765411376953,110.10814666748047,58.54936599731445
2019-03-28,45.1474609375,110.25902557373047,58.264068603515625
2019-03-29,45.44171905517578,111.2114028930664,58.49369430541992
2019-04-01,45.750328063964844,112.22978973388672,59.59160614013672
2019-04-02,46.4154052734375,112.39007568359375,59.91764831542969
2019-04-03,46.73355484008789,113.1255874633789,60.17958450317383
2019-04-04,46.814903259277344,112.55039978027344,60.6090087890625
2019-04-05,47.1282958984375,113.05014038085938,60.21139144897461
2019-04-08,47.869911193847656,113.08788299560547,60.05384063720703
2019-04-09,47.72636032104492,112.4749526977539,59.776004791259766
2019-04-10,47.99430465698242,113.33301544189453,59.96288299560547
2019-04-11,47.59478759765625,113.46502685546875,60.11894607543945
2019-04-12,47.575645446777344,114.04967498779297,60.772029876708984
2019-04-15,47.661781311035156,114.14398193359375,60.96089553833008
2019-04-16,47.66656494140625,113.87992858886719,61.228294372558594
2019-04-17,48.59477615356445,114.82289123535156,61.6373405456543
2019-04-18,48.76941680908203,116.33161926269531,61.70344543457031
2019-04-22,48.9296989440918,116.6993637084961,62.31428146362305
2019-04-23,49.63541793823242,118.28350830078125,63.150760650634766
2019-04-24,49.558868408203125,117.87803649902344,62.62690734863281
2019-04-25,49.10911560058594,121.78186798095703,62.98923110961914
2019-04-26,48.874671936035156,122.4796371459961,63.49022674560547
2019-04-29,48.94883728027344,122.36649322509766,64.42362976074219
2019-04-30,48.00627517700195,123.14913177490234,59.59062194824219
2019-05-01,50.36267852783203,120.58429718017578,58.31625747680664
2019-05-02,50.03493881225586,119.00959014892578,57.977787017822266
2019-05-03,50.65693283081055,121.54610443115234,59.12291717529297
2019-05-06,49.87464904785156,120.83890533447266,59.31725311279297
2019-05-07,48.53018569946289,118.35894012451172,58.591609954833984
2019-05-08,48.53974151611328,118.34951782226562,58.19002151489258
2019-05-09,48.01822280883789,118.34010314941406,58.050350189208984
2019-05-10,47.353004455566406,119.87708282470703,58.03395080566406
2019-05-13,44.60088348388672,116.31275177001953,56.49070739746094
2019-05-14,45.30692672729492,117.6140365600586,55.90769958496094
2019-05-15,45.849666595458984,119.27027130126953,58.191009521484375
2019-05-16,45.64794158935547,122.02442169189453,58.87192153930664
2019-05-17,45.388572692871094,121.21051025390625,58.09061050415039
2019-05-20,43.96928405761719,119.45956420898438,56.89180374145508
2019-05-21,44.81221008300781,120.10314178466797,57.37788391113281
2019-05-22,43.89484405517578,120.83192443847656,57.447959899902344
2019-05-23,43.145565032958984,119.42171478271484,56.925594329833984
2019-05-24,42.979862213134766,119.4784927368164,56.591102600097656
2019-05-28,42.80215072631836,119.4028091430664,56.63832092285156
2019-05-29,42.598026275634766,118.24815368652344,55.663169860839844
2019-05-30,42.8189582824707,118.99584197998047,55.73623275756836
2019-05-31,42.04327392578125,117.05560302734375,54.995174407958984
2019-06-03,41.618194580078125,113.42129516601562,51.62737274169922
2019-06-04,43.14075469970703,116.56348419189453,52.410179138183594
2019-06-05,43.837188720703125,119.09046173095703,51.92061233520508
2019-06-06,44.48080062866211,120.97388458251953,52.07569122314453
2019-06-07,45.66474914550781,124.36211395263672,53.100040435791016
2019-06-10,46.24831771850586,125.49786376953125,53.81525421142578
2019-06-11,46.783851623535156,125.02464294433594,53.72976303100586
2019-06-12,46.63496398925781,124.44731140136719,53.63334655761719
2019-06-13,46.62534713745117,125.23284149169922,54.22529220581055
2019-06-14,46.28673553466797,125.35587310791016,53.99119567871094
2019-06-17,46.56291580200195,125.73445892333984,54.368438720703125
2019-06-18,47.65800094604492,127.9207534790039,54.93254852294922
2019-06-19,47.518714904785156,128.42233276367188,54.896263122558594
2019-06-20,47.90055847167969,129.6148681640625,55.32817840576172
2019-06-21,47.73725128173828,129.63381958007812,55.93305587768555
2019-06-24,47.68922805786133,130.400390625,55.502132415771484
2019-06-25,46.966373443603516,126.28339385986328,54.054813385009766
2019-06-26,47.98220443725586,126.75660705566406,53.693973541259766
2019-06-27,47.96780014038086,126.96485900878906,53.51057815551758
2019-06-28,47.53072738647461,126.7850341796875,53.817237854003906
2019-07-01,48.40247344970703,128.4128875732422,54.67211151123047
2019-07-02,48.685855865478516,129.2646484375,55.29835891723633
2019-07-03,49.08930206298828,130.09756469726562,55.81475830078125
2019-07-05,49.046077728271484,129.71896362304688,56.295875549316406
2019-07-08,48.035037994384766,129.6243438720703,55.50661087036133
2019-07-09,48.328025817871094,129.15110778808594,55.87937545776367
2019-07-10,48.80592346191406,130.4666748046875,56.705421447753906
2019-07-11,48.450504302978516,130.98721313476562,56.862972259521484
2019-07-12,48.8227424621582,131.46043395996094,56.925594329833984
2019-07-15,49.28142547607422,131.46043395996094,57.182552337646484
2019-07-16,49.110931396484375,129.73793029785156,57.32917785644531
2019-07-17,48.83474349975586,128.97132873535156,56.995182037353516
2019-07-18,49.389495849609375,129.11325073242188,57.0200309753418
2019-07-19,48.652217864990234,129.30255126953125,56.24020767211914
2019-07-22,49.76413345336914,131.01559448242188,56.62091827392578
2019-07-23,50.153175354003906,131.82955932617188,57.06028747558594
2019-07-24,50.112342834472656,133.18295288085938,56.64677047729492
2019-07-25,49.716094970703125,132.6813201904297,56.45840072631836
2019-07-26,49.88901138305664,133.76974487304688,61.88982391357422
2019-07-29,50.35490036010742,133.47630310058594,61.721832275390625
2019-07-30,50.138771057128906,132.83277893066406,61.033958435058594
2019-07-31,51.16181564331055,128.97132873535156,60.546875
2019-08-01,50.054710388183594,130.6654510498047,60.2277946472168
2019-08-02,48.99565124511719,129.56756591796875,59.45940017700195
2019-08-05,46.43083190917969,125.12876892089844,57.39329528808594
2019-08-06,47.30978775024414,127.47590637207031,58.204925537109375
2019-08-07,47.7996940612793,128.03431701660156,58.444984436035156
2019-08-08,48.85395431518555,131.45095825195312,59.9499626159668
2019-08-09,48.45138931274414,130.3341522216797,59.090614318847656
2019-08-12,48.32844543457031,128.51695251464844,58.37490463256836
2019-08-13,50.37505340576172,131.17649841308594,59.479774475097656
2019-08-14,48.87565231323242,127.22620391845703,57.8654670715332
2019-08-15,48.632179260253906,126.94135284423828,58.11745071411133
2019-08-16,49.779640197753906,129.26785278320312,58.609004974365234
2019-08-19,50.70772933959961,131.43292236328125,59.6641731262207
2019-08-20,50.710140228271484,130.34083557128906,58.82371520996094
2019-08-21,51.25977325439453,131.79373168945312,59.223812103271484
2019-08-22,51.21637725830078,130.83465576171875,59.22083282470703
2019-08-23,48.849124908447266,126.66596984863281,57.335140228271484
2019-08-26,49.7772331237793,128.6221466064453,58.209896087646484
2019-08-27,49.21556091308594,128.89747619628906,58.19200134277344
2019-08-28,49.545806884765625,128.72654724121094,58.33763122558594
2019-08-29,50.38471221923828,131.15748596191406,59.35602569580078
2019-08-30,50.31962585449219,130.91061401367188,59.171630859375
2019-09-03,49.586788177490234,129.18234252929688,58.12887954711914
2019-09-04,50.4281005859375,130.69223022460938,58.76109313964844
2019-09-05,51.41405487060547,132.99020385742188,60.248172760009766
2019-09-06,51.40923309326172,132.088134765625,59.956424713134766
2019-09-09,51.628604888916016,130.58775329589844,59.904239654541016
2019-09-10,52.23849105834961,129.22035217285156,59.92560577392578
2019-09-11,53.8994140625,129.25830078125,60.63634490966797
2019-09-12,53.77888488769531,130.58775329589844,61.3803825378418
2019-09-13,52.732669830322266,130.3978729248047,61.63187026977539
2019-09-16,53.0098876953125,129.45774841308594,61.21437454223633
2019-09-17,53.20274353027344,130.4643096923828,61.12739944458008
2019-09-18,53.70174789428711,131.53732299804688,61.265071868896484
2019-09-19,53.26543426513672,133.95877075195312,61.56825256347656
2019-09-20,52.486778259277344,132.41099548339844,61.12541198730469
2019-09-23,52.72543716430664,132.12611389160156,61.36646270751953
2019-09-24,52.47473907470703,130.454833984375,60.55333709716797
2019-09-25,53.28229904174805,132.33499145507812,61.92561340332031
2019-09-26,53.007469177246094,132.50587463378906,61.744197845458984
2019-09-27,52.749534606933594,130.78720092773438,60.932071685791016
2019-09-30,53.991024017333984,132.0216522216797,60.69300079345703
2019-10-01,54.140472412109375,130.1604461669922,59.94051742553711
2019-10-02,52.78330612182617,127.8624038696289,58.54488754272461
2019-10-03,53.23167419433594,129.41024780273438,59.1169548034668
2019-10-04,54.72385787963867,131.15748596191406,60.18703842163086
2019-10-07,54.73591995239258,130.20791625976562,60.052345275878906
2019-10-08,54.094669342041016,128.8309783935547,59.15174865722656
2019-10-09,54.728668212890625,131.2714385986328,59.7615852355957
2019-10-10,55.46632766723633,132.088134765625,60.11298370361328
2019-10-11,56.94164276123047,132.63885498046875,60.42312240600586
2019-10-14,56.85968017578125,132.5154266357422,60.525508880615234
2019-10-15,56.72710037231445,134.43359375,61.74171447753906
2019-10-16,56.49808120727539,133.3320770263672,61.77948760986328
2019-10-17,56.71744155883789,132.6483917236328,62.266563415527344
2019-10-18,56.989845275878906,130.4833221435547,61.84956741333008
2019-10-21,57.978214263916016,131.45187377929688,61.84310531616211
2019-10-22,57.84564208984375,129.4957275390625,61.690025329589844
2019-10-23,58.621856689453125,130.32186889648438,62.506629943847656
2019-10-24,58.71828842163086,132.88575744628906,62.58019256591797
2019-10-25,59.44146728515625,133.6359100341797,62.838138580322266
2019-10-28,60.036888122558594,136.92152404785156,64.06478118896484
2019-10-29,58.64836502075195,135.63011169433594,62.657222747802734
2019-10-30,58.641151428222656,137.32032775878906,62.659210205078125
2019-10-31,59.966983795166016,136.14285278320312,62.56477355957031
2019-11-01,61.66890335083008,136.47518920898438,63.23326873779297
2019-11-04,62.073890686035156,137.2633819580078,64.0960922241211
2019-11-05,61.98469543457031,137.17788696289062,64.18704223632812
2019-11-06,62.01121139526367,136.79806518554688,64.1656723022461
2019-11-07,62.72689437866211,136.98800659179688,64.95742797851562
2019-11-08,62.89857482910156,138.60231018066406,65.059814453125
2019-11-11,63.39665985107422,138.7447509765625,64.52701568603516
2019-11-12,63.3386116027832,139.65635681152344,64.47382354736328
2019-11-13,63.94551467895508,139.88427734375,64.42263793945312
2019-11-14,63.5030403137207,140.5963897705078,65.06726837158203
2019-11-15,64.25739288330078,142.41015625,66.27951049804688
2019-11-18,64.58139038085938,142.7615509033203,65.59857940673828
2019-11-19,64.38557434082031,142.80899047851562,65.23824310302734
2019-11-20,63.63602066040039,142.56126403808594,64.70494079589844
2019-11-21,63.3507080078125,142.42788696289062,64.61946105957031
2019-11-22,63.295101165771484,142.53269958496094,64.29788970947266
2019-11-25,64.4048843383789,144.0952911376953,64.892822265625
2019-11-26,63.90198516845703,144.8575439453125,65.25862121582031
2019-11-27,64.76033020019531,145.1338653564453,65.21537017822266
2019-11-29,64.61767578125,144.23825073242188,64.8157730102539
2019-12-02,63.870567321777344,142.4945526123047,64.05882263183594
2019-12-03,62.731727600097656,142.265869140625,64.35106658935547
2019-12-04,63.28541946411133,142.78042602539062,65.55384826660156
2019-12-05,64.2138900756836,142.85659790039062,65.95246124267578
2019-12-06,65.45423889160156,144.59072875976562,66.57025146484375
2019-12-09,64.53789520263672,144.2191619873047,66.74917602539062
2019-12-10,64.91506958007812,144.0,66.74421691894531
2019-12-11,65.46876525878906,144.5430908203125,66.81181335449219
2019-12-12,65.6355972290039,146.01048278808594,67.02253723144531
2019-12-13,66.52780151367188,147.23960876464844,66.94202423095703
2019-12-16,67.66661071777344,148.1924285888672,67.6294174194336
2019-12-17,67.79961395263672,147.3920440673828,67.34062957763672
2019-12-18,67.63758850097656,147.08712768554688,67.19252014160156
2019-12-19,67.70529174804688,148.3639678955078,67.41768646240234
2019-12-20,67.5650634765625,149.9837188720703,67.15823364257812
2019-12-23,68.66761779785156,149.9837188720703,67.12889862060547
2019-12-24,68.73290252685547,149.9551239013672,66.82075500488281
2019-12-26,70.09659576416016,151.18429565429688,67.71737670898438
2019-12-27,70.06998443603516,151.46063232421875,67.32820892333984
2019-12-30,70.4858627319336,150.15524291992188,66.5861587524414
2019-12-31,71.00086212158203,150.2600555419922,66.57025146484375
2020-01-02,72.62084197998047,153.0422821044922,68.0260238647461
2020-01-03,71.91482543945312,151.13668823242188,67.67015838623047
2020-01-06,72.48783874511719,151.52728271484375,69.47384643554688
2020-01-07,72.14693450927734,150.14569091796875,69.33964538574219
2020-01-08,73.30750274658203,152.5372772216797,69.83319091796875
2020-01-09,74.8646240234375,154.4429168701172,70.56629180908203
2020-01-10,75.03388214111328,153.72833251953125,71.02205657958984
2020-01-13,76.6369400024414,155.57679748535156,71.57225799560547
2020-01-14,75.6020736694336,154.48110961914062,71.10308074951172
2020-01-15,75.27808380126953,155.48150634765625,71.531005859375
2020-01-16,76.22103118896484,158.33047485351562,72.07574462890625
2020-01-17,77.06489562988281,159.21661376953125,73.53498077392578
2020-01-21,76.5426254272461,158.64486694335938,73.6706771850586
2020-01-22,76.81584930419922,157.88259887695312,73.75118255615234
2020-01-23,77.1857681274414,158.85450744628906,73.79194641113281
2020-01-24,76.96331787109375,157.2537384033203,72.8714599609375
2020-01-27,74.7002182006836,154.62393188476562,71.15972900390625
2020-01-28,76.81341552734375,157.65396118164062,72.09263610839844
2020-01-29,78.42133331298828,160.11221313476562,72.40078735351562
2020-01-30,78.30767059326172,164.6286163330078,72.27901458740234
2020-01-31,74.83560943603516,162.1989288330078,71.21192169189453
2020-02-03,74.63008117675781,166.15313720703125,73.68806457519531
2020-02-04,77.09390258789062,171.62232971191406,71.83965301513672
2020-02-05,77.72256469726562,171.41270446777344,71.8714599609375
2020-02-06,78.63166046142578,174.9667205810547,73.35855102539062
2020-02-07,77.56285095214844,175.21449279785156,73.51461029052734
2020-02-10,77.9312515258789,179.7975616455078,74.9832992553711
2020-02-11,77.4610595703125,175.738525390625,75.0528793334961
2020-02-12,79.30059814453125,175.99581909179688,75.47883605957031
2020-02-13,78.73588562011719,175.04298400878906,75.21839141845703
2020-02-14,78.75526428222656,176.60560607910156,75.48379516601562
2020-02-18,77.31322479248047,178.39688110351562,75.51909637451172
2020-02-19,78.43291473388672,178.93194580078125,75.78897094726562
2020-02-20,77.62828826904297,176.1994171142578,75.3973159790039
2020-02-21,75.87116241455078,170.62928771972656,73.73079681396484
2020-02-24,72.26725769042969,163.27252197265625,70.56977081298828
2020-02-25,69.81941986083984,160.57823181152344,68.90277099609375
2020-02-26,70.92699432373047,162.5846405029297,69.1090316772461
2020-02-27,66.29061889648438,151.1290740966797,65.35553741455078
2020-02-28,66.2518539428711,154.78831481933594,66.56330108642578
2020-03-02,72.41995239257812,165.08782958984375,68.90277099609375
2020-03-03,70.11994171142578,157.17694091796875,66.48725128173828
2020-03-04,73.37242126464844,162.94766235351562,68.66816711425781
2020-03-05,70.99243927001953,158.85850524902344,65.34609985351562
2020-03-06,70.0496597290039,154.3679962158203,64.40077209472656
2020-03-09,64.50928497314453,143.90606689453125,60.42709732055664
2020-03-10,69.15534210205078,153.74697875976562,63.37839889526367
2020-03-11,66.75354766845703,146.7819366455078,60.184051513671875
2020-03-12,60.16132354736328,132.8613739013672,55.24617004394531
2020-03-13,67.36913299560547,151.7500762939453,60.3515510559082
2020-03-16,58.702308654785156,129.3836212158203,53.330162048339844
2020-03-17,61.28345489501953,140.03659057617188,55.56972885131836
2020-03-18,59.78323745727539,134.14161682128906,54.2342414855957
2020-03-19,59.32518005371094,136.34866333007812,55.25213623046875
2020-03-20,55.55887985229492,131.22763061523438,53.09208679199219
2020-03-23,54.37858200073242,129.9186553955078,52.39228439331055
2020-03-24,59.834136962890625,141.7277069091797,56.163665771484375
2020-03-25,59.5045280456543,140.37098693847656,54.752628326416016
2020-03-26,62.63582992553711,149.15133666992188,57.79936218261719
2020-03-27,60.042564392089844,143.0270538330078,55.18205261230469
2020-03-30,61.75605392456055,153.0876922607422,56.97380828857422
2020-03-31,61.6300163269043,150.68003845214844,57.75114059448242
2020-04-01,58.38723373413086,145.32965087890625,54.776485443115234
2020-04-02,59.36153030395508,148.33924865722656,55.51853942871094
2020-04-03,58.50840759277344,146.9729766845703,54.30928421020508
2020-04-06,63.6125373840332,157.90306091308594,58.80681610107422
2020-04-07,62.87575149536133,156.202392578125,58.7755012512207
2020-04-08,64.48506164550781,157.7693328857422,59.99021911621094
2020-04-09,64.95039367675781,157.7788543701172,59.968841552734375
2020-04-13,66.22520446777344,158.13235473632812,60.159706115722656
2020-04-14,69.56977844238281,165.957275390625,62.88436508178711
2020-04-15,68.9347915649414,164.21839904785156,62.49022674560547
2020-04-16,69.48253631591797,169.14837646484375,62.49668502807617
2020-04-17,68.53974151611328,170.63885498046875,63.56875991821289
2020-04-20,67.11709594726562,167.25662231445312,62.68157196044922
2020-04-21,65.04248809814453,160.3394012451172,60.246681213378906
2020-04-22,66.91593170166016,165.7853240966797,62.5453987121582
2020-04-23,66.6565933227539,163.7788848876953,63.179588317871094
2020-04-24,68.5809326171875,166.76939392089844,63.4494743347168
2020-04-27,68.6294174194336,166.2917022705078,63.1641845703125
2020-04-28,67.5169906616211,162.24063110351562,61.26209259033203
2020-04-29,69.73458099365234,169.52099609375,66.70891571044922
2020-04-30,71.20572662353516,171.22164916992188,66.93357849121094
2020-05-01,70.05935668945312,166.78851318359375,65.47333526611328
2020-05-04,71.05060577392578,170.8681640625,65.75067138671875
2020-05-05,72.11699676513672,172.70257568359375,67.04887390136719
2020-05-06,72.86104583740234,174.40322875976562,66.87045288085938
2020-05-07,73.61477661132812,175.41595458984375,68.05584716796875
2020-05-08,75.36695098876953,176.44784545898438,68.80435943603516
2020-05-11,76.55289459228516,178.41603088378906,69.76111602783203
2020-05-12,75.67800903320312,174.3745574951172,68.34909057617188
2020-05-13,74.76426696777344,171.73760986328125,67.01458740234375
2020-05-14,75.22356414794922,172.48281860351562,67.43854522705078
2020-05-15,74.7788314819336,174.99557495117188,68.24372100830078
2020-05-18,76.54071807861328,176.66757202148438,68.84610748291016
2020-05-19,76.09843444824219,175.44461059570312,68.3103256225586
2020-05-20,77.57840728759766,177.87818908691406,70.03795623779297
2020-05-21,77.00003051757812,175.7416229248047,69.91817474365234
2020-05-22,77.49577331542969,175.8183135986328,70.2407455444336
2020-05-26,76.97086334228516,173.9595947265625,70.64482116699219
2020-05-27,77.30622100830078,174.1895751953125,70.59064483642578
2020-05-28,77.34025573730469,173.7967529296875,70.48925018310547
2020-05-29,77.26490783691406,175.5691680908203,71.24870300292969
2020-06-01,78.2151107788086,175.16676330566406,71.3157958984375
2020-06-02,78.57719421386719,177.1595916748047,71.68557739257812
2020-06-03,79.009765625,177.59075927734375,71.53348541259766
2020-06-04,78.32933044433594,175.2530517578125,70.2934341430664
2020-06-05,80.56022644042969,179.3536376953125,71.57176208496094
2020-06-08,81.03654479980469,180.4650115966797,71.97037506103516
2020-06-09,83.59551239013672,181.8446807861328,72.1711654663086
2020-06-10,85.7462158203125,188.5895538330078,72.79840087890625
2020-06-11,81.62950134277344,178.46261596679688,69.6771240234375
2020-06-12,82.33425903320312,179.87098693847656,70.22484588623047
2020-06-15,83.35247802734375,181.02069091796875,70.61351013183594
2020-06-16,85.5615234375,185.45663452148438,71.89234161376953
2020-06-17,85.44242858886719,186.0985565185547,72.19402313232422
2020-06-18,85.4764633178711,188.0913848876953,71.27851867675781
2020-06-19,84.98800659179688,186.9704132080078,70.80734252929688
2020-06-22,87.21160888671875,192.1632537841797,72.10057830810547
2020-06-23,89.07311248779297,193.4470977783203,72.76261901855469
2020-06-24,87.50080871582031,189.54766845703125,71.20793914794922
2020-06-25,88.66242218017578,191.94288635253906,71.62544250488281
2020-06-26,85.93817901611328,188.10093688964844,67.72085571289062
2020-06-29,87.91878509521484,190.1225128173828,69.44202423095703
2020-06-30,88.65270233154297,194.97998046875,70.47981262207031
2020-07-01,88.48501586914062,196.1201171875,71.670166015625
2020-07-02,88.48501586914062,197.61473083496094,73.05833435058594
2020-07-06,90.85200500488281,201.86863708496094,74.53548431396484
2020-07-07,90.57012176513672,199.5213165283203,74.05188751220703
2020-07-08,92.67950439453125,203.9093780517578,74.7318115234375
2020-07-09,93.0780258178711,205.33692932128906,75.48031616210938
2020-07-10,93.24085235595703,204.71417236328125,76.49175262451172
2020-07-13,92.81072998046875,198.3907928466797,75.1607437133789
2020-07-14,94.34660339355469,199.61715698242188,75.58966064453125
2020-07-15,94.99544525146484,199.3201141357422,75.39185333251953
2020-07-16,93.82652282714844,195.37283325195312,75.29442596435547
2020-07-17,93.63699340820312,194.3764190673828,75.3903579711914
2020-07-20,95.61027526855469,202.73094177246094,77.72584533691406
2020-07-21,94.29068756103516,200.0003662109375,77.33221435546875
2020-07-22,94.55558013916016,202.87464904785156,77.77605438232422
2020-07-23,90.25177764892578,194.0506134033203,75.38539123535156
2020-07-24,90.02818298339844,192.86265563964844,74.96092987060547
2020-07-27,92.16187286376953,195.30577087402344,76.01560974121094
2020-07-28,90.6478500366211,193.552490234375,74.73429870605469
2020-07-29,92.38543701171875,195.5069580078125,75.72136688232422
2020-07-30,93.50333404541016,195.35366821289062,76.45995330810547
2020-07-31,103.29206085205078,196.4171142578125,73.9539794921875
2020-08-03,105.894775390625,207.46385192871094,73.6960220336914
2020-08-04,106.60195922851562,204.3500518798828,73.22584533691406
2020-08-05,106.98835754394531,204.01475524902344,73.51361083984375
2020-08-06,110.72112274169922,207.28184509277344,74.79890441894531
2020-08-07,108.20378875732422,203.5740203857422,74.47186279296875
2020-08-10,109.7764892578125,199.5213165283203,74.39482879638672
2020-08-11,106.51175689697266,194.85548400878906,73.58567810058594
2020-08-12,110.05160522460938,200.4219207763672,74.91272735595703
2020-08-13,111.99921417236328,199.95245361328125,75.38041687011719
2020-08-14,111.89942932128906,200.14407348632812,74.78299713134766
2020-08-17,111.6072769165039,201.4662628173828,75.36004638671875
2020-08-18,112.53727722167969,202.6255340576172,77.32525634765625
2020-08-19,112.67847442626953,201.39620971679688,76.77008056640625
2020-08-20,115.17877197265625,206.08299255371094,78.3426513671875
2020-08-21,121.11421966552734,204.58480834960938,78.3088607788086
2020-08-24,122.56277465820312,205.2281951904297,78.78500366210938
2020-08-25,121.55730438232422,207.8981475830078,79.81383514404297
2020-08-26,123.2103500366211,212.392822265625,81.71641540527344
2020-08-27,121.73746490478516,217.6078338623047,80.9405746459961
2020-08-28,121.54025268554688,219.8455352783203,81.48281860351562
2020-08-31,125.66197967529297,216.59934997558594,80.99077606201172
2020-09-01,130.66741943359375,218.27049255371094,82.26065063476562
2020-09-02,127.96018981933594,222.47703552246094,85.35758209228516
2020-09-03,117.715576171875,208.69525146484375,80.98978424072266
2020-09-04,117.79346466064453,205.76602172851562,78.58917236328125
2020-09-08,109.8665771484375,194.63499450683594,75.7258529663086
2020-09-09,114.24877166748047,202.9232635498047,76.90031433105469
2020-09-10,110.51901245117188,197.23764038085938,75.84761047363281
2020-09-11,109.0680160522461,195.95077514648438,75.33618927001953
2020-09-14,112.34008026123047,197.2760772705078,74.99175262451172
2020-09-15,112.51536560058594,200.5126190185547,76.29840850830078
2020-09-16,109.19462585449219,196.9303741455078,75.15377807617188
2020-09-17,107.45149993896484,194.87510681152344,73.90874481201172
2020-09-18,104.04312133789062,192.4549102783203,72.12195587158203
2020-09-21,107.19831085205078,194.51971435546875,71.08070373535156
2020-09-22,108.88301849365234,199.20655822753906,72.55585479736328
2020-09-23,104.31578826904297,192.64698791503906,70.04937744140625
2020-09-24,105.38697814941406,195.1439971923828,70.71887969970703
2020-09-25,109.34071350097656,199.59068298339844,71.5240478515625
2020-09-28,111.9505386352539,201.1465301513672,72.49820709228516
2020-09-29,111.10333251953125,199.0528564453125,72.86400604248047
2020-09-30,112.77828979492188,202.00123596191406,72.84314727783203
2020-10-01,113.73262786865234,204.04693603515625,73.95148468017578
2020-10-02,110.06130981445312,198.02520751953125,72.34610748291016
2020-10-05,113.45022583007812,202.04931640625,73.69950103759766
2020-10-06,110.19766998291016,197.75628662109375,72.11847686767578
2020-10-07,112.0674057006836,201.5210723876953,72.52206420898438
2020-10-08,111.96028137207031,202.24139404296875,73.72932434082031
2020-10-09,113.90795135498047,207.26426696777344,75.072265625
2020-10-12,121.14341735839844,212.63290405273438,77.76313018798828
2020-10-13,117.92979431152344,214.03509521484375,77.88639068603516
2020-10-14,118.0174560546875,212.11428833007812,77.70596313476562
2020-10-15,117.55001831054688,210.9618377685547,77.30984497070312
2020-10-16,115.9042739868164,210.9618377685547,77.9177017211914
2020-10-19,112.94385528564453,205.73721313476562,76.04145050048828
2020-10-20,114.43378448486328,206.1502227783203,77.0916519165039
2020-10-21,113.810546875,206.2942657470703,78.82674407958984
2020-10-22,112.7198715209961,206.3807373046875,79.85408782958984
2020-10-23,112.02845764160156,207.66761779785156,81.16224670410156
2020-10-26,112.03819274902344,201.76116943359375,78.74224853515625
2020-10-27,113.547607421875,204.8056640625,79.46739959716797
2020-10-28,108.28897094726562,194.6541748046875,75.08966064453125
2020-10-29,112.3011245727539,196.61343383789062,77.37992095947266
2020-10-30,106.01023864746094,194.4525604248047,80.32376861572266
2020-11-02,105.9225845336914,194.3180389404297,80.7318344116211
2020-11-03,107.54888916015625,198.25570678710938,81.79246520996094
2020-11-04,111.94082641601562,207.8213348388672,86.77210235595703
2020-11-05,115.91400909423828,214.44805908203125,87.5996322631836
2020-11-06,115.78231048583984,214.86106872558594,87.46196746826172
2020-11-09,113.47037506103516,209.74209594726562,87.54595184326172
2020-11-10,113.12893676757812,202.6543426513672,86.3680191040039
2020-11-11,116.56271362304688,207.9749755859375,86.8406982421875
2020-11-12,116.2895736694336,206.908935546875,86.62150573730469
2020-11-13,116.3383560180664,207.93658447265625,88.08472442626953
2020-11-16,117.3528823852539,208.62802124023438,88.17269897460938
2020-11-17,116.46516418457031,205.96775817871094,87.5578842163086
2020-11-18,115.13848114013672,203.2523193359375,86.51314544677734
2020-11-19,115.73352813720703,204.54261779785156,87.40430450439453
2020-11-20,114.46537780761719,202.58792114257812,86.30142211914062
2020-11-23,111.06087493896484,202.31825256347656,85.8630599975586
2020-11-24,112.34854125976562,205.92921447753906,87.66921997070312
2020-11-25,113.18748474121094,205.9388427734375,87.68064880371094
2020-11-27,113.7337646484375,207.24839782714844,88.81832885742188
2020-11-30,116.13349151611328,206.13143920898438,87.1970443725586
2020-12-01,119.7136001586914,208.1920623779297,89.23284149169922
2020-12-02,120.06477355957031,207.38319396972656,90.70451354980469
2020-12-03,119.92818450927734,206.29513549804688,90.5489501953125
2020-12-04,119.2551040649414,206.41065979003906,90.64437866210938
2020-12-07,120.71835327148438,206.34326171875,90.30989074707031
2020-12-08,121.33291625976562,207.99949645996094,90.02658081054688
2020-12-09,118.7966079711914,203.9456329345703,88.3630599975586
2020-12-10,120.22083282470703,202.71310424804688,87.8555908203125
2020-12-11,119.41117095947266,205.35147094726562,88.21096801757812
2020-12-14,118.7966079711914,206.25660705566406,87.09068298339844
2020-12-15,124.74715423583984,206.18923950195312,87.529052734375
2020-12-16,124.67888641357422,211.1482391357422,87.3357162475586
2020-12-17,125.54708862304688,211.28302001953125,86.50668334960938
2020-12-18,123.55706787109375,210.48377990722656,85.79644775390625
2020-12-21,125.08858489990234,214.33547973632812,86.21095275878906
2020-12-22,128.64918518066406,215.63540649414062,85.49824523925781
2020-12-23,127.751708984375,212.82371520996094,85.89635467529297
2020-12-24,128.7369842529297,214.48956298828125,86.19107055664062
2020-12-28,133.34133911132812,216.61758422851562,88.1692123413086
2020-12-29,131.56593322753906,215.83761596679688,87.36405181884766
2020-12-30,130.444091796875,213.4591827392578,86.29496002197266
2020-12-31,129.43930053710938,214.17176818847656,87.10958099365234
2021-01-04,126.23970031738281,209.61717224121094,85.79197692871094
2021-01-05,127.80049133300781,209.81939697265625,86.48382568359375
2021-01-06,123.49852752685547,204.37887573242188,85.63044738769531
2021-01-07,127.71269989013672,210.19491577148438,88.18810272216797
2021-01-08,128.8150177001953,211.47560119628906,89.35559844970703
2021-01-11,125.82022857666016,209.4246368408203,87.29098510742188
2021-01-12,125.6446533203125,206.9595184326172,86.35360717773438
2021-01-13,127.68346405029297,208.3172607421875,86.84169006347656
2021-01-14,125.75194549560547,205.120361328125,86.0300521850586
2021-01-15,124.0252914428711,204.76409912109375,85.86602020263672
2021-01-19,124.69837951660156,208.41354370117188,88.69158935546875
2021-01-20,128.79551696777344,216.0205535888672,93.4430923461914
2021-01-21,133.5168914794922,216.6272430419922,93.6458740234375
2021-01-22,135.66302490234375,217.57086181640625,94.06387329101562
2021-01-25,139.41871643066406,221.0181121826172,94.14935302734375
2021-01-26,139.65284729003906,223.7143096923828,94.82878112792969
2021-01-27,138.5797882080078,224.26315307617188,90.4048080444336
2021-01-28,133.73153686523438,230.0695343017578,92.10759735107422
2021-01-29,128.72723388671875,223.35801696777344,90.82330322265625
2021-02-01,130.8538360595703,230.76283264160156,94.08921813964844
2021-02-02,131.68299865722656,230.62802124023438,95.38395690917969
2021-02-03,130.65870666503906,233.98858642578125,102.33029174804688
2021-02-04,134.02423095703125,233.0352783203125,102.0693588256836
2021-02-05,133.60897827148438,233.21826171875,103.81886291503906
2021-02-08,133.7554931640625,233.47824096679688,103.60464477539062
2021-02-09,132.87625122070312,234.7300262451172,103.15087127685547
2021-02-10,132.27053833007812,233.8152618408203,103.70205688476562
2021-02-11,132.01657104492188,235.42337036132812,103.81488800048828
2021-02-12,132.25099182128906,235.90481567382812,104.12701416015625
2021-02-16,130.1212615966797,234.6626434326172,104.90585327148438
2021-02-17,127.82538604736328,235.68565368652344,105.29948425292969
2021-02-18,126.72142028808594,235.28994750976562,104.66280364990234
2021-02-19,126.87773895263672,232.56829833984375,103.81787109375
2021-02-22,123.0969009399414,226.33351135253906,102.10066223144531
2021-02-23,122.96011352539062,225.1367645263672,102.39192199707031
2021-02-24,122.46187591552734,226.37213134765625,103.5693588256836
2021-02-25,118.20232391357422,221.00595092773438,100.19658660888672
2021-02-26,118.46612548828125,224.2777862548828,100.49280548095703
2021-03-01,124.84566497802734,228.6787872314453,102.86607360839844
2021-03-02,122.23717498779297,225.7158203125,102.60861206054688
2021-03-03,119.24768829345703,219.62582397460938,99.97093200683594
2021-03-04,117.36212921142578,218.82476806640625,101.0902328491211
2021-03-05,118.6224136352539,223.52496337890625,104.22840118408203
2021-03-08,113.67900848388672,219.46177673339844,99.77660369873047
2021-03-09,118.30001831054688,225.62896728515625,101.40980529785156
2021-03-10,117.21560668945312,224.31637573242188,101.20255279541016
2021-03-11,119.14997863769531,228.8621826171875,104.40087127685547
2021-03-12,118.24141693115234,227.5302734375,101.88893127441406
2021-03-15,121.1332015991211,226.62301635742188,102.109619140625
2021-03-16,122.67680358886719,229.4219512939453,103.5733413696289
2021-03-17,121.88546752929688,228.7753448486328,103.4903335571289
2021-03-18,117.75292205810547,222.6756591796875,100.46448516845703
2021-03-19,117.22537231445312,222.31858825683594,100.7437973022461
2021-03-22,120.54704284667969,227.76190185546875,100.92919921875
2021-03-23,119.71662139892578,229.29649353027344,101.45801544189453
2021-03-24,117.32306671142578,227.25039672851562,101.02064514160156
2021-03-25,117.8115234375,224.2391815185547,101.01717376708984
2021-03-26,118.4172592163086,228.23483276367188,100.63297271728516
2021-03-29,118.59309387207031,227.0380401611328,101.67969512939453
2021-03-30,117.137451171875,223.76625061035156,101.7135009765625
2021-03-31,119.33560943603516,227.5496063232422,102.5112075805664
2021-04-01,120.166015625,233.90016174316406,105.85415649414062
2021-04-05,122.99920654296875,240.3858642578125,110.28657531738281
2021-04-06,123.30205535888672,239.21807861328125,109.80445861816406
2021-04-07,124.95314025878906,241.18692016601562,111.28409576416016
2021-04-08,127.3564682006836,244.4201202392578,111.85070037841797
2021-04-09,129.9356231689453,246.9294891357422,112.8566665649414
2021-04-12,128.2161865234375,246.9873809814453,111.56192779541016
2021-04-13,131.3326416015625,249.47743225097656,112.04949951171875
2021-04-14,128.9879608154297,246.6785125732422,111.42723846435547
2021-04-15,131.40106201171875,250.4522247314453,113.58130645751953
2021-04-16,131.06890869140625,251.64898681640625,113.45706176757812
2021-04-19,131.73321533203125,249.7187042236328,113.80546569824219
2021-04-20,130.0430450439453,249.25546264648438,113.27117919921875
2021-04-21,130.42410278320312,251.4945831298828,113.23837280273438
2021-04-22,128.9000244140625,248.2034149169922,111.95455932617188
2021-04-23,131.22520446777344,252.044677734375,114.3109359741211
2021-04-26,131.61598205566406,252.43075561523438,114.8079605102539
2021-04-27,131.29360961914062,252.83607482910156,113.86610412597656
2021-04-28,130.50221252441406,245.68443298339844,117.24881744384766
2021-04-29,130.4045867919922,243.70591735839844,118.92476654052734
2021-04-30,128.43112182617188,243.38742065429688,116.97346496582031
2021-05-03,129.48619079589844,243.07859802246094,116.45557403564453
2021-05-04,124.90428161621094,239.1505126953125,114.65388488769531
2021-05-05,125.14851379394531,237.8765106201172,115.04852294921875
2021-05-06,126.75074005126953,241.02288818359375,116.17078399658203
2021-05-07,127.4260025024414,243.6576690673828,116.89543151855469
2021-05-10,124.1378173828125,238.56178283691406,113.90438079833984
2021-05-11,123.21792602539062,237.64486694335938,112.82633209228516
2021-05-12,120.1450424194336,230.6669921875,109.35665130615234
2021-05-13,122.29801940917969,234.55645751953125,110.7875747680664
2021-05-14,124.7249984741211,239.49795532226562,113.2398681640625
2021-05-17,123.57020568847656,236.63150024414062,113.76371765136719
2021-05-18,122.18058776855469,234.60472106933594,112.4490966796875
2021-05-19,122.02400970458984,235.1851348876953,112.89791107177734
2021-05-20,124.58798217773438,238.4354705810547,114.65985107421875
2021-05-21,122.7481689453125,237.168212890625,114.02266693115234
2021-05-24,124.38246154785156,242.5951385498047,117.34822082519531
2021-05-25,124.18672943115234,243.50442504882812,117.43917083740234
2021-05-26,124.1378173828125,243.28195190429688,118.30598449707031
2021-05-27,122.60138702392578,241.17312622070312,117.42974090576172
2021-05-28,121.94570922851562,241.5310516357422,117.13996887207031
2021-06-01,121.6227798461914,239.32546997070312,118.3492202758789
2021-06-02,122.3860855102539,239.22872924804688,117.82288360595703
2021-06-03,120.89857482910156,237.69065856933594,116.67923736572266
2021-06-04,123.1983413696289,242.60479736328125,118.96501922607422
2021-06-07,123.2081298828125,245.52622985839844,119.39892578125
2021-06-08,124.03016662597656,244.32672119140625,119.20706939697266
2021-06-09,124.41183471679688,245.31341552734375,119.67924499511719
2021-06-10,123.41363525390625,248.8442840576172,121.03063201904297
2021-06-11,124.6270980834961,249.4730987548828,120.78560638427734
2021-06-14,127.690185546875,251.4077911376953,121.71553039550781
2021-06-15,126.86817169189453,249.92774963378906,120.69564819335938
2021-06-16,127.36726379394531,248.97970581054688,120.05250549316406
2021-06-17,128.97219848632812,252.38478088378906,121.01771545410156
2021-06-18,127.67062377929688,250.96279907226562,119.39495086669922
2021-06-21,129.47129821777344,254.05841064453125,121.0863037109375
2021-06-22,131.11537170410156,256.84442138671875,121.6012191772461
2021-06-23,130.8413848876953,256.6121826171875,121.39892578125
2021-06-24,130.55755615234375,257.9858703613281,121.76969909667969
2021-06-25,130.26394653320312,256.3703918457031,121.77816009521484
2021-06-28,131.8982696533203,259.94964599609375,121.80550384521484
2021-06-29,133.4151153564453,262.5421447753906,121.5435562133789
2021-06-30,134.03164672851562,262.0584716796875,121.36165618896484
2021-07-01,134.33502197265625,262.7356262207031,121.71453094482422
2021-07-02,136.967529296875,268.5881652832031,124.51075744628906
2021-07-06,138.98345947265625,268.5977783203125,125.43770599365234
2021-07-07,141.47891235351562,270.793701171875,125.72000122070312
2021-07-08,140.17738342285156,268.3656921386719,124.29853057861328
2021-07-09,142.00741577148438,268.86871337890625,124.77021026611328
2021-07-12,141.4104461669922,268.26898193359375,126.2185287475586
2021-07-13,142.52606201171875,271.8095397949219,126.58233642578125
2021-07-14,145.96102905273438,273.2895202636719,127.47249603271484
2021-07-15,145.3053436279297,271.8577880859375,126.24784851074219
2021-07-16,143.26002502441406,271.5870361328125,126.21305847167969
2021-07-19,139.40431213378906,267.96905517578125,123.83531951904297
2021-07-20,143.02516174316406,270.2037048339844,125.45709228515625
2021-07-21,142.2911834716797,272.21575927734375,126.78860473632812
2021-07-22,143.66127014160156,276.801025390625,127.65589904785156
2021-07-23,145.38363647460938,280.21588134765625,132.22203063964844
2021-07-26,145.80445861816406,279.6160583496094,133.23594665527344
2021-07-27,143.63194274902344,277.1880187988281,131.11366271972656
2021-07-28,141.8801727294922,276.8784484863281,135.2826690673828
2021-07-29,142.52606201171875,277.1492919921875,134.9680633544922
2021-07-30,142.74134826660156,275.6112060546875,133.92330932617188
2021-08-02,142.4086151123047,275.5241394042969,134.05056762695312
2021-08-03,144.2092742919922,277.7491149902344,134.8214569091797
2021-08-04,143.80807495117188,277.1590270996094,134.31996154785156
2021-08-05,143.91566467285156,280.0707702636719,135.439208984375
2021-08-06,143.22964477539062,280.01275634765625,134.92929077148438
2021-08-09,143.18064880371094,278.9195861816406,136.09677124023438
2021-08-10,142.70040893554688,277.0912170410156,135.99142456054688
2021-08-11,142.9552459716797,277.58465576171875,135.466552734375
2021-08-12,145.9248809814453,280.351318359375,136.37611389160156
2021-08-13,146.13072204589844,283.29205322265625,136.90643310546875
2021-08-16,148.11048889160156,284.9850158691406,137.48495483398438
2021-08-17,147.198974609375,283.5145568847656,135.84678649902344
2021-08-18,143.4452667236328,281.77972412109375,134.64151000976562
2021-08-19,143.7784881591797,287.63372802734375,134.8711395263672
2021-08-20,145.2388458251953,294.9901123046875,136.61019897460938
2021-08-23,146.7285614013672,295.2711181640625,139.20664978027344
2021-08-24,146.64035034179688,293.30364990234375,140.4193572998047
2021-08-25,145.40542602539062,292.7124328613281,141.2319793701172
2021-08-26,144.60177612304688,289.8823547363281,140.59730529785156
2021-08-27,145.64065551757812,290.4928894042969,143.1455078125
2021-08-30,150.0706024169922,294.24371337890625,143.72853088378906
2021-08-31,148.80633544921875,292.58642578125,143.83486938476562
2021-09-01,149.47280883789062,292.5379638671875,144.3497772216797
2021-09-02,150.59010314941406,291.87890625,142.43280029296875
2021-09-03,151.22714233398438,291.8691711425781,142.88259887695312
2021-09-07,153.5695343017578,290.9387512207031,143.4203643798828
2021-09-08,152.02101135253906,290.9678039550781,142.83436584472656
2021-09-09,151.00172424316406,288.0989685058594,142.68528747558594
2021-09-10,146.00328063964844,286.6063537597656,140.03614807128906
2021-09-13,146.57171630859375,287.8469543457031,141.48397827148438
2021-09-14,145.1702117919922,290.5607604980469,141.69468688964844
2021-09-15,146.06211853027344,295.4358825683594,143.5684814453125
2021-09-16,145.8268585205078,295.8235778808594,142.7538604736328
2021-09-17,143.15122985839844,290.6383361816406,139.9606170654297
2021-09-20,140.0933837890625,285.23968505859375,137.89251708984375
2021-09-21,140.57362365722656,285.724365234375,138.2041473388672
2021-09-22,142.9454345703125,289.3879699707031,139.44717407226562
2021-09-23,143.90589904785156,290.3378601074219,140.37416076660156
2021-09-24,143.99411010742188,290.13427734375,141.36717224121094
2021-09-27,142.47496032714844,285.1138000488281,140.23097229003906
2021-09-28,139.08389282226562,274.7916259765625,135.02024841308594
2021-09-29,139.98558044433594,275.25689697265625,133.55255126953125
2021-09-30,138.68206787109375,273.2409362792969,132.87908935546875
2021-10-01,139.80911254882812,280.1998291015625,135.72897338867188
2021-10-04,136.36907958984375,274.394287109375,132.86268615722656
2021-10-05,138.29983520507812,279.8702697753906,135.2120819091797
2021-10-06,139.17208862304688,284.08636474609375,136.74488830566406
2021-10-07,140.43637084960938,285.7727966308594,138.39500427246094
2021-10-08,140.05416870117188,285.7727966308594,138.95216369628906
2021-10-11,139.96595764160156,285.1719055175781,138.0858612060547
2021-10-12,138.6918487548828,283.8634338378906,135.6355438232422
2021-10-13,138.1038055419922,287.1878967285156,136.7617950439453
2021-10-14,140.8970489501953,293.42962646484375,140.30950927734375
2021-10-15,141.95553588867188,294.84466552734375,140.5252227783203
2021-10-18,143.63150024414062,297.8298645019531,141.92681884765625
2021-10-19,145.79745483398438,298.7409362792969,142.38308715820312
2021-10-20,146.28749084472656,297.9461669921875,140.923828125
2021-10-21,146.50311279296875,301.1930847167969,141.04014587402344
2021-10-22,145.72886657714844,299.6423034667969,136.7463836669922
2021-10-25,145.6798553466797,298.6440124511719,136.6276092529297
2021-10-26,146.34632873535156,300.5630798339844,138.47799682617188
2021-10-27,145.8856658935547,313.22100830078125,145.34579467773438
2021-10-28,149.5316162109375,314.3646545410156,144.97950744628906
2021-10-29,146.8167724609375,321.4108581542969,147.16342163085938
2021-11-01,145.9934844970703,319.2301025390625,142.6415252685547
2021-11-02,147.0323486328125,322.8743591308594,144.5655059814453
2021-11-03,148.47311401367188,323.7174987792969,145.72406005859375
2021-11-04,147.95364379882812,326.08245849609375,147.3835906982422
2021-11-05,148.4836883544922,325.714111328125,147.964599609375
2021-11-08,147.65916442871094,326.6155090332031,148.14254760742188
2021-11-09,148.02236938476562,325.6075134277344,148.03070068359375
2021-11-10,145.185791015625,320.6160888671875,145.0237274169922
2021-11-11,145.1366729736328,322.1958923339844,144.89749145507812
2021-11-12,147.21754455566406,326.3538513183594,147.7916259765625
2021-11-15,147.22732543945312,325.7239074707031,147.5669708251953
2021-11-16,148.20884704589844,329.0579833984375,146.9944305419922
2021-11-17,150.65283203125,329.2812194824219,147.16439819335938
2021-11-18,154.95184326171875,331.3688659667969,148.94522094726562
2021-11-19,157.58233642578125,333.155517578125,148.0386505126953
2021-11-22,158.04364013671875,329.9706115722656,145.4298095703125
2021-11-23,158.4264373779297,327.8830261230469,144.91290283203125
2021-11-24,158.9466552734375,328.1064147949219,145.24888610839844
2021-11-26,153.91146850585938,320.11517333984375,141.33535766601562
2021-11-29,157.27806091308594,326.863525390625,144.66290283203125
2021-11-30,162.24452209472656,320.9986877441406,141.0515899658203
2021-12-01,161.7243194580078,320.5035705566406,140.2106170654297
2021-12-02,160.7329864501953,319.93060302734375,142.11370849609375
2021-12-03,158.84849548339844,313.63873291015625,141.1549530029297
2021-12-06,162.26417541503906,316.7264099121094,142.30157470703125
2021-12-07,168.0158233642578,325.20318603515625,146.3915557861328
2021-12-08,171.84376525878906,325.251708984375,147.3030548095703
2021-12-09,171.3333740234375,323.4358825683594,146.7583465576172
2021-12-10,176.1329803466797,332.6020812988281,147.11917114257812
2021-12-13,172.49156188964844,329.55316162109375,144.9571533203125
2021-12-14,171.10760498046875,318.81402587890625,143.04908752441406
2021-12-15,175.98577880859375,324.94091796875,145.56797790527344
2021-12-16,169.07586669921875,315.4738464355469,143.58387756347656
2021-12-17,167.97657775878906,314.40576171875,140.88011169433594
2021-12-20,166.61227416992188,310.6286315917969,140.76278686523438
2021-12-21,169.79238891601562,317.7944641113281,142.6171875
2021-12-22,172.3933868408203,323.5329895019531,145.5421142578125
2021-12-23,173.02159118652344,324.9797668457031,146.0406494140625
2021-12-27,176.99671936035156,332.5146789550781,147.0247344970703
2021-12-28,175.97593688964844,331.3494873046875,145.81251525878906
2021-12-29,176.06430053710938,332.0291748046875,145.78070068359375
2021-12-30,174.9060821533203,329.4754943847656,145.32891845703125
2021-12-31,174.28773498535156,326.5625305175781,143.9884490966797
2022-01-03,178.64566040039062,325.0380859375,144.12713623046875
2022-01-04,176.3783416748047,319.4646301269531,143.5386505126953
2022-01-05,171.6866912841797,307.2010498046875,136.95362854003906
2022-01-06,168.82069396972656,304.7735290527344,136.92630004882812
2022-01-07,168.987548828125,304.9289245605469,136.2001495361328
2022-01-10,169.0071563720703,305.1522216796875,137.84280395507812
2022-01-11,171.84376525878906,305.8416442871094,138.90293884277344
2022-01-12,172.28543090820312,309.0361633300781,140.5873565673828
2022-01-13,169.0071563720703,295.95697021484375,137.76080322265625
2022-01-14,169.87088012695312,301.2002868652344,138.6489715576172
2022-01-18,166.66136169433594,293.8693542480469,135.18724060058594
2022-01-19,163.1573486328125,294.5296325683594,134.31097412109375
2022-01-20,161.46910095214844,292.849853515625,132.5127716064453
2022-01-21,159.40794372558594,287.44140625,129.57440185546875
2022-01-24,158.6325225830078,287.7715759277344,130.0242156982422
2022-01-25,156.82655334472656,280.12017822265625,126.17826080322266
2022-01-26,156.73822021484375,288.1016540527344,128.4625701904297
2022-01-27,156.27691650390625,291.140869140625,128.23593139648438
2022-01-28,167.1815643310547,299.3165588378906,132.55601501464844
2022-01-31,171.54928588867188,301.95770263671875,134.49685668945312
2022-02-01,171.38241577148438,299.8020935058594,136.8234100341797
2022-02-02,172.5896759033203,304.3656921386719,147.11769104003906
2022-02-03,169.70404052734375,292.510009765625,142.23695373535156
2022-02-04,169.4190673828125,297.06390380859375,142.43873596191406
2022-02-07,168.70164489746094,292.2187194824219,138.3711395263672
2022-02-08,171.8169708251953,295.72393798828125,138.56796264648438
2022-02-09,173.24200439453125,302.18096923828125,140.7478790283203
2022-02-10,169.1536865234375,293.60723876953125,137.79359436035156
2022-02-11,165.7336883544922,286.48016357421875,133.48196411132812
2022-02-14,165.96957397460938,286.4413146972656,134.71804809570312
2022-02-15,169.81214904785156,291.75262451171875,135.7941131591797
2022-02-16,169.57627868652344,291.4120178222656,136.9168701171875
2022-02-17,165.96957397460938,282.8789367675781,131.74884033203125
2022-02-18,164.41677856445312,280.1545104980469,129.62559509277344
2022-02-22,161.4881591796875,279.9501647949219,129.03961181640625
2022-02-23,157.31138610839844,272.7013854980469,126.8273696899414
2022-02-24,159.9353485107422,286.6346740722656,131.8999481201172
2022-02-25,162.00900268554688,289.28118896484375,133.6579132080078
2022-02-28,162.27432250976562,290.7212829589844,134.25186157226562
2022-03-01,160.3874053955078,286.9849548339844,133.2622833251953
2022-03-02,163.6894989013672,292.0834655761719,133.7692413330078
2022-03-03,163.36521911621094,287.9287414550781,133.10125732421875
2022-03-04,160.35792541503906,282.0323791503906,131.1201171875
2022-03-07,156.5546417236328,271.37811279296875,125.6250991821289
2022-03-08,154.72671508789062,268.4007263183594,126.34676361083984
2022-03-09,160.14173889160156,280.7091064453125,132.62461853027344
2022-03-10,155.78807067871094,277.8777160644531,131.6400146484375
2022-03-11,152.0633544921875,272.5068054199219,129.0962677001953
2022-03-14,148.0242462158203,268.9748229980469,125.20013427734375
2022-03-15,152.4171905517578,279.3955993652344,128.42776489257812
2022-03-16,156.8396453857422,286.4400939941406,132.48594665527344
2022-03-17,157.8518829345703,287.24761962890625,133.0410919189453
2022-03-18,161.1539764404297,292.3169250488281,135.31398010253906
2022-03-21,162.52989196777344,291.0812072753906,135.29010009765625
2022-03-22,165.91058349609375,295.8489074707031,139.03416442871094
2022-03-23,167.27659606933594,291.4023132324219,137.45115661621094
2022-03-24,171.0701141357422,295.88787841796875,140.72801208496094
2022-03-25,171.70887756347656,295.4791259765625,140.82838439941406
2022-03-28,172.57373046875,302.30963134765625,140.6122283935547
2022-03-29,175.8758087158203,306.8924560546875,141.65594482421875
2022-03-30,174.70632934570312,305.3842468261719,141.0923309326172
2022-03-31,171.60076904296875,299.9841613769531,138.23843383789062
2022-04-01,171.30593872070312,301.0641784667969,139.31497192382812
2022-04-04,175.36480712890625,306.46429443359375,142.11917114257812
2022-04-05,172.0430145263672,302.4847106933594,139.7528533935547
2022-04-06,168.8686981201172,291.4120178222656,135.7339630126953
2022-04-07,169.17333984375,293.2315673828125,135.078369140625
2022-04-08,167.15867614746094,288.95037841796875,132.49290466308594
2022-04-11,162.8934783935547,277.5566101074219,128.05551147460938
2022-04-12,164.77056884765625,274.44305419921875,126.953125
2022-04-13,167.4633331298828,279.85284423828125,129.11962890625
2022-04-14,162.44140625,272.2732238769531,125.97449493408203
2022-04-18,162.22520446777344,272.9446716308594,126.91534423828125
2022-04-19,164.51502990722656,277.5955810546875,129.2339324951172
2022-04-20,164.3479766845703,278.6269226074219,127.27667999267578
2022-04-21,163.5519256591797,273.2267761230469,124.07040405273438
2022-04-22,159.001708984375,266.6298828125,118.92228698730469
2022-04-25,160.0729522705078,273.13922119140625,122.34028625488281
2022-04-26,154.09774780273438,262.9227600097656,117.94266510009766
2022-04-27,153.87168884277344,275.5717468261719,113.61312866210938
2022-04-28,160.8198699951172,281.80859375,117.81591796875
2022-04-29,154.93307495117188,270.025634765625,113.4292221069336
2022-05-02,155.23776245117188,276.787841796875,115.88797760009766
2022-05-03,156.73153686523438,274.17059326171875,116.63450622558594
2022-05-04,163.15882873535156,282.1492004394531,121.53213500976562
2022-05-05,154.06822204589844,269.8601989746094,115.81095123291016
2022-05-06,154.79656982421875,267.3109436035156,115.05645751953125
2022-05-09,149.65896606445312,257.43505859375,111.84024810791016
2022-05-10,152.0703125,262.2221984863281,113.71302032470703
2022-05-11,144.18678283691406,253.5138702392578,112.92524719238281
2022-05-12,140.30899047851562,248.45433044433594,112.17127990722656
2022-05-13,144.787109375,254.0685577392578,115.35865783691406
2022-05-16,143.24191284179688,254.4382781982422,113.76272583007812
2022-05-17,146.88351440429688,259.6146545410156,115.77863311767578
2022-05-18,138.596435546875,247.79441833496094,111.2323989868164
2022-05-19,135.18125915527344,246.87767028808594,109.72593688964844
2022-05-20,135.41744995117188,246.31202697753906,108.25872802734375
2022-05-23,140.85028076171875,254.20188903808594,110.82334899902344
2022-05-24,138.14373779296875,253.1973876953125,105.3382568359375
2022-05-25,138.3011932373047,256.02557373046875,105.17423248291016
2022-05-26,141.5097198486328,259.32196044921875,107.14988708496094
2022-05-27,147.27719116210938,266.48040771484375,111.64691925048828
2022-05-31,146.4897918701172,265.144287109375,113.08379364013672
2022-06-01,146.36190795898438,265.68072509765625,113.21302032470703
2022-06-02,148.8224334716797,267.7872619628906,116.92127990722656
2022-06-03,143.08447265625,263.340087890625,113.858154296875
2022-06-06,143.8324432373047,262.10150146484375,116.12406158447266
2022-06-07,146.36190795898438,265.7587585449219,116.45110321044922
2022-06-08,145.6237030029297,263.720458984375,116.49533081054688
2022-06-09,140.3877410888672,258.2394714355469,114.1509017944336
2022-06-10,134.9647216796875,246.7313690185547,110.4988021850586
2022-06-13,129.79763793945312,236.26681518554688,105.75823974609375
2022-06-14,130.66372680664062,238.44168090820312,106.07930755615234
2022-06-15,133.29156494140625,245.5318145751953,109.1101303100586
2022-06-16,128.00634765625,238.90980529785156,105.40137481689453
2022-06-17,129.48268127441406,241.52349853515625,106.5047607421875
2022-06-21,133.724609375,247.46282958984375,110.87901306152344
2022-06-22,133.2128448486328,246.86793518066406,110.8228530883789
2022-06-23,136.08673095703125,252.45616149902344,111.57286071777344
2022-06-24,139.42320251464844,261.0774841308594,117.27169036865234
2022-06-27,139.42320251464844,258.33697509765625,115.14295196533203
2022-06-28,135.26983642578125,250.13504028320312,111.33975982666016
2022-06-29,137.03155517578125,253.821533203125,111.03558349609375
2022-06-30,134.5612335205078,250.4763641357422,108.31340789794922
2022-07-01,136.73631286621094,253.1583251953125,108.0892562866211
2022-07-05,139.3247528076172,256.3474426269531,112.5877685546875
2022-07-06,140.66331481933594,259.62432861328125,113.88896179199219
2022-07-07,144.03916931152344,261.7601623535156,118.07486724853516
2022-07-08,144.7182159423828,261.0384521484375,118.64196014404297
2022-07-11,142.58250427246094,257.9664306640625,114.98688507080078
2022-07-12,143.556884765625,247.39456176757812,113.34075164794922
2022-07-13,143.1927490234375,246.4680938720703,110.68965911865234
2022-07-14,146.1256561279297,247.79441833496094,109.70954132080078
2022-07-15,147.798828125,250.36911010742188,111.11112213134766
2022-07-18,144.747802734375,247.960205078125,108.3800048828125
2022-07-19,148.61572265625,253.10958862304688,113.13151550292969
2022-07-20,150.6234893798828,255.7819061279297,113.22098541259766
2022-07-21,152.89703369140625,258.2882385253906,113.6583480834961
2022-07-22,151.6569366455078,253.91903686523438,107.25674438476562
2022-07-25,150.53492736816406,252.4269256591797,106.86907196044922
2022-07-26,149.20623779296875,245.66835021972656,104.39391326904297
2022-07-27,154.3142852783203,262.09173583984375,112.385986328125
2022-07-28,154.865478515625,269.5719909667969,113.53907012939453
2022-07-29,159.94400024414062,273.7948913574219,115.62655639648438
2022-08-01,158.9597930908203,271.1324768066406,114.17525482177734
2022-08-02,157.48342895507812,268.0213623046875,114.44363403320312
2022-08-03,163.50682067871094,275.4820861816406,117.37606048583984
2022-08-04,163.19186401367188,276.6328430175781,117.48539733886719
2022-08-05,162.96519470214844,275.91119384765625,116.76969909667969
2022-08-08,162.4921112060547,273.38525390625,116.6007080078125
2022-08-09,162.54136657714844,275.3163146972656,115.9346923828125
2022-08-10,166.799072265625,282.0065612792969,118.98639678955078
2022-08-11,166.05990600585938,279.9195556640625,118.13152313232422
2022-08-12,169.61785888671875,284.6885986328125,120.95458984375
2022-08-15,170.69210815429688,286.2099914550781,121.35221099853516
2022-08-16,170.53440856933594,285.4687805175781,120.9744644165039
2022-08-17,172.03248596191406,284.71624755859375,118.83729553222656
2022-08-18,171.63824462890625,283.59228515625,119.45359802246094
2022-08-19,169.04617309570312,279.6634521484375,116.51124572753906
2022-08-22,165.15316772460938,271.4538269042969,113.55894470214844
2022-08-23,164.81805419921875,270.17352294921875,113.18122100830078
2022-08-24,165.1137237548828,269.5382385253906,113.0122299194336
2022-08-25,167.57766723632812,272.5289306640625,115.95457458496094
2022-08-26,161.26010131835938,262.0128173828125,109.68219757080078
2022-08-29,159.05242919921875,259.2176818847656,108.7676773071289
2022-08-30,156.6180877685547,257.00885009765625,108.2905502319336
2022-08-31,154.9524383544922,255.54287719726562,107.57484436035156
2022-09-01,155.68177795410156,254.49708557128906,109.08576965332031
2022-09-02,153.56277465820312,250.25550842285156,107.20703125
2022-09-06,152.30123901367188,247.50921630859375,106.17324829101562
2022-09-07,153.7106170654297,252.2394561767578,108.7975082397461
2022-09-08,152.2322235107422,252.6597442626953,107.73387908935547
2022-09-09,155.10028076171875,258.465087890625,109.99034881591797
2022-09-12,161.07286071777344,260.60546875,110.19910430908203
2022-09-13,151.62118530273438,246.2777557373047,103.69808959960938
2022-09-14,153.06996154785156,246.50259399414062,104.37403106689453
2022-09-15,150.1724090576172,239.81761169433594,102.29649353027344
2022-09-16,148.52645874023438,239.19212341308594,102.18714904785156
2022-09-19,152.251953125,238.97711181640625,102.45553588867188
2022-09-20,154.6370391845703,236.95399475097656,100.53704071044922
2022-09-21,151.5029296875,233.53335571289062,98.6881332397461
2022-09-22,150.53704833984375,235.517333984375,99.54300689697266
2022-09-23,148.26036071777344,232.52670288085938,98.15135192871094
2022-09-26,148.595458984375,232.06736755371094,97.5847396850586
2022-09-27,149.57118225097656,231.0509796142578,96.91874694824219
2022-09-28,147.67884826660156,235.60531616210938,99.45355224609375
2022-09-29,140.42503356933594,232.11624145507812,96.83922576904297
2022-09-30,136.20675659179688,227.62051391601562,95.07977294921875
2022-10-03,140.39544677734375,235.2827911376953,98.05195617675781
2022-10-04,143.9928436279297,243.2382354736328,101.03406524658203
2022-10-05,144.28846740722656,243.551025390625,100.82530975341797
2022-10-06,143.33250427246094,241.1956329345703,100.81537628173828
2022-10-07,138.0695037841797,228.9301300048828,98.09171295166016
2022-10-10,138.39476013183594,224.05325317382812,97.27659606933594
2022-10-11,136.9755096435547,220.30032348632812,96.60065460205078
2022-10-12,136.34475708007812,220.63258361816406,96.97838592529297
2022-10-13,140.92771911621094,228.9301300048828,98.46943664550781
2022-10-14,136.38417053222656,223.37887573242188,95.98434448242188
2022-10-17,140.3560791015625,232.1455535888672,99.3740234375
2022-10-18,141.67669677734375,233.09356689453125,100.16925048828125
2022-10-19,141.78514099121094,231.1193389892578,99.03604888916016
2022-10-20,141.3218994140625,230.7968292236328,99.3740234375
2022-10-21,145.1459197998047,236.6315155029297,100.527099609375
2022-10-24,147.2945098876953,241.6452178955078,101.9088134765625
2022-10-25,150.142822265625,244.9779052734375,103.85713195800781
2022-10-26,147.19598388671875,226.07630920410156,94.36407470703125
2022-10-27,142.71157836914062,221.60992431640625,91.67021942138672
2022-10-28,153.49380493164062,230.52317810058594,95.7159652709961
2022-10-31,151.12838745117188,226.86795043945312,93.94656372070312
2022-11-01,148.47720336914062,222.99771118164062,89.93065643310547
2022-11-02,142.93821716308594,215.11065673828125,86.45152282714844
2022-11-03,136.87693786621094,209.3932647705078,82.93262481689453
2022-11-04,136.61041259765625,216.37139892578125,86.06385040283203
2022-11-07,137.14352416992188,222.70452880859375,87.96245574951172
2022-11-08,137.71609497070312,223.68185424804688,88.37000274658203
2022-11-09,133.14529418945312,219.42068481445312,86.79943084716797
2022-11-10,144.99183654785156,237.47201538085938,93.37997436523438
2022-11-11,147.78562927246094,241.50839233398438,95.83525085449219
2022-11-14,146.38381958007812,236.07437133789062,95.12947082519531
2022-11-15,148.1212921142578,236.48489379882812,97.85314178466797
2022-11-16,146.88729858398438,236.91612243652344,98.26069641113281
2022-11-17,148.79261779785156,236.86712646484375,97.77362060546875
2022-11-18,149.35531616210938,236.41629028320312,96.84915924072266
2022-11-21,146.1172637939453,237.22976684570312,95.03007507324219
2022-11-22,148.25949096679688,240.15040588378906,96.47142791748047
2022-11-23,149.13815307617188,242.64964294433594,97.8730239868164
2022-11-25,146.2159881591797,242.5614471435547,96.87899017333984
2022-11-28,142.37574768066406,236.94554138183594,95.4773941040039
2022-11-29,139.36473083496094,235.54403686523438,94.62252044677734
2022-11-30,146.1370086669922,250.05906677246094,100.387939453125
2022-12-01,146.41342163085938,249.61805725097656,100.387939453125
2022-12-02,145.91981506347656,249.9414825439453,99.84122467041016
2022-12-05,144.7549285888672,245.21746826171875,98.8869400024414
2022-12-06,141.0824737548828,240.23861694335938,96.40185546875
2022-12-07,139.13768005371094,239.50357055664062,94.3740005493164
2022-12-08,140.8258056640625,242.4731903076172,93.15133666992188
2022-12-09,140.3420867919922,240.5326690673828,92.27658081054688
2022-12-12,142.6422882080078,247.4814453125,92.75371551513672
2022-12-13,143.60975646972656,251.80364990234375,95.05989074707031
2022-12-14,141.378662109375,252.09767150878906,94.50324249267578
2022-12-15,134.75442504882812,244.0511474609375,90.31832885742188
2022-12-16,132.7898712158203,239.8171844482422,89.72190856933594
2022-12-19,130.67724609375,235.66162109375,87.91275787353516
2022-12-20,130.60813903808594,236.98472595214844,88.48928833007812
2022-12-21,133.71786499023438,239.56236267089844,89.04595947265625
2022-12-22,130.53903198242188,233.44662475585938,87.23680877685547
2022-12-23,130.17379760742188,233.97586059570312,88.69805145263672
2022-12-27,128.36717224121094,232.2411651611328,86.8690185546875
2022-12-28,124.42820739746094,229.85951232910156,85.5071792602539
2022-12-29,127.95255279541016,236.21047973632812,87.92269897460938
2022-12-30,128.26846313476562,235.044189453125,87.70401000976562
2023-01-03,123.47062683105469,234.80894470214844,88.58869934082031
2023-01-04,124.74412536621094,224.5376434326172,87.5549087524414
2023-01-05,123.42124938964844,217.88287353515625,85.68610382080078
2023-01-06,127.96241760253906,220.45068359375,86.81930541992188
2023-01-09,128.48562622070312,222.5970916748047,87.4952621459961
2023-01-10,129.05821228027344,224.29263305664062,87.89287567138672
2023-01-11,131.78294372558594,231.07479858398438,90.9743881225586
2023-01-12,131.70396423339844,233.76022338867188,90.58670806884766
2023-01-13,133.0366973876953,234.46592712402344,91.57081604003906
2023-01-17,134.2016143798828,235.56362915039062,90.74575805664062
2023-01-18,133.48095703125,231.11404418945312,90.57678985595703
2023-01-19,133.54019165039062,227.31129455566406,92.49527740478516
2023-01-20,136.10690307617188,235.43621826171875,97.43563842773438
2023-01-23,139.30551147460938,237.7491912841797,99.19509887695312
2023-01-24,140.70733642578125,237.21995544433594,97.1175537109375
2023-01-25,140.0458984375,235.8184051513672,94.65233612060547
2023-01-26,142.11903381347656,243.06126403808594,96.9386215209961
2023-01-27,144.06385803222656,243.2180938720703,98.77760314941406
2023-01-30,141.17135620117188,237.87660217285156,96.36209106445312
2023-01-31,142.44485473632812,242.87503051757812,98.2507553100586
2023-02-01,143.5702667236328,247.71670532226562,99.8312759399414
2023-02-02,148.8913116455078,259.3306884765625,107.09770202636719
2023-02-03,152.52426147460938,253.20518493652344,104.15534210205078
2023-02-06,149.78968811035156,251.65660095214844,102.28656005859375
2023-02-07,152.67234802246094,262.2317199707031,106.998291015625
2023-02-08,149.9772491455078,261.4183349609375,98.77760314941406
2023-02-09,148.94070434570312,258.3701477050781,94.44359588623047
2023-02-10,149.30648803710938,257.860595703125,94.00621032714844
2023-02-13,152.11447143554688,265.9169006347656,94.04598236083984
2023-02-14,151.47178649902344,266.75,94.11556243896484
2023-02-15,153.57777404785156,264.61785888671875,96.36209106445312
2023-02-16,151.97607421875,257.572998046875,94.94060516357422
2023-02-17,150.82916259765625,253.55442810058594,93.78752136230469
2023-02-21,146.80503845214844,248.258544921875,91.2427978515625
2023-02-22,147.23019409179688,247.1187744140625,91.10363006591797
2023-02-23,147.71466064453125,250.32188415527344,90.34814453125
2023-02-24,145.05503845214844,244.86874389648438,88.59864807128906
2023-02-27,146.2513885498047,245.7923583984375,89.33423614501953
2023-02-28,145.74710083007812,245.0652618408203,89.52310180664062
2023-03-01,143.67080688476562,241.9702606201172,89.8213119506836
2023-03-02,144.26405334472656,246.72576904296875,91.45153045654297
2023-03-03,149.32627868652344,250.83277893066406,93.0916976928711
2023-03-06,152.0947265625,252.3852081298828,94.56287384033203
2023-03-07,149.8898468017578,249.71267700195312,93.30045318603516
2023-03-08,151.1455535888672,249.2705535888672,93.68811798095703
2023-03-09,148.8912353515625,247.91464233398438,91.76961517333984
2023-03-10,146.82484436035156,244.24977111816406,90.0896987915039
2023-03-13,148.77259826660156,249.48667907714844,90.56684112548828
2023-03-14,150.8686981201172,256.2367248535156,93.4097900390625
2023-03-15,151.26417541503906,260.8055725097656,95.53703308105469
2023-03-16,154.0919189453125,271.3777770996094,99.72193908691406
2023-03-17,153.2515106201172,274.5513000488281,101.0141830444336
2023-03-20,155.62440490722656,267.47698974609375,100.61656951904297
2023-03-21,157.48321533203125,268.99993896484375,104.29450988769531
2023-03-22,156.04957580566406,267.5360107421875,102.75374603271484
2023-03-23,157.13717651367188,272.8122253417969,104.97045135498047
2023-03-24,158.4422607421875,275.6714172363281,104.81141662597656
2023-03-27,156.49449157714844,271.5545654296875,101.84916687011719
2023-03-28,155.87159729003906,270.42462158203125,100.42770385742188
2023-03-29,158.95640563964844,275.61248779296875,100.78555297851562
2023-03-30,160.52847290039062,279.0906066894531,100.28853607177734
2023-03-31,163.03981018066406,283.2664489746094,103.11161041259766
2023-04-03,164.29550170898438,282.2151794433594,103.73784637451172
2023-04-04,163.7615966796875,282.166015625,104.09571075439453
2023-04-05,161.9126739501953,279.37554931640625,103.8471908569336
2023-04-06,162.8025360107422,286.50885009765625,107.77364349365234
2023-04-10,160.2021942138672,284.3374328613281,105.8054428100586
2023-04-11,158.98611450195312,277.8919372558594,104.7219467163086
2023-04-12,158.2939910888672,278.5404052734375,104.01618194580078
2023-04-13,163.6923828125,284.779541015625,106.78955078125
2023-04-14,163.34632873535156,281.1441955566406,108.2209701538086
2023-04-17,163.36610412597656,283.7576904296875,105.3382568359375
2023-04-18,164.59213256835938,283.335205078125,103.87701416015625
2023-04-19,165.739013671875,283.413818359375,103.55891418457031
2023-04-20,164.77008056640625,281.11468505859375,104.66230773925781
2023-04-21,163.15846252441406,280.77081298828125,104.7815933227539
2023-04-24,163.4649658203125,276.8504638671875,105.3382568359375
2023-04-25,161.9225616455078,270.6113586425781,103.23088836669922
2023-04-26,161.9126739501953,290.2130432128906,103.09172058105469
2023-04-27,166.51023864746094,299.5078430175781,106.9485855102539
2023-04-28,167.76589965820312,301.8954162597656,106.70008850097656
2023-05-01,167.6769256591797,300.22509765625,106.56092071533203
2023-05-02,166.63876342773438,300.0777587890625,104.69212341308594
2023-05-03,165.56106567382812,299.0853271484375,104.7815933227539
2023-05-04,163.91976928710938,300.0777587890625,104.06587982177734
2023-05-05,171.61204528808594,305.2261962890625,104.94063568115234
2023-05-08,171.54278564453125,303.26116943359375,107.12751007080078
2023-05-09,169.8323211669922,301.6399230957031,106.71002197265625
2023-05-10,171.6021270751953,306.8572082519531,111.08379364013672
2023-05-11,171.7899932861328,304.6957092285156,115.87505340576172
2023-05-12,170.85931396484375,303.5755615234375,116.80945587158203
2023-05-15,170.36427307128906,304.0570068359375,115.81541442871094
2023-05-16,170.36427307128906,306.29718017578125,118.79753875732422
2023-05-17,170.97813415527344,309.1922302246094,120.1196060180664
2023-05-18,173.31471252441406,313.6429748535156,122.09774017333984
2023-05-19,173.42364501953125,313.4657287597656,122.02815246582031
2023-05-22,172.47314453125,316.2622375488281,124.30450439453125
2023-05-23,169.8593292236328,310.43292236328125,121.829345703125
2023-05-24,170.13653564453125,309.0444641113281,120.17925262451172
2023-05-25,171.27513122558594,320.9296875,122.74386596679688
2023-05-26,173.69094848632812,327.7929382324219,123.86712646484375
2023-05-30,175.54241943359375,326.1387023925781,122.93272399902344
2023-05-31,175.492919921875,323.3618469238281,122.13750457763672
2023-06-01,178.3047637939453,327.4877014160156,122.98243713378906
2023-06-02,179.15621948242188,330.2644958496094,123.92676544189453
2023-06-05,177.79981994628906,330.7962951660156,125.2587890625
2023-06-06,177.43348693847656,328.57086181640625,126.55103302001953
2023-06-07,176.05726623535156,318.4285583496094,121.76969909667969
2023-06-08,178.780029296875,320.27978515625,121.41184997558594
2023-06-09,179.16615295410156,321.7863464355469,121.5013198852539
2023-06-12,181.9680633544922,326.7688293457031,122.90290832519531
2023-06-13,181.49282836914062,329.17156982421875,123.0917739868164
2023-06-14,182.12649536132812,332.1748046875,122.93272399902344
2023-06-15,184.1660919189453,342.77008056640625,124.34425354003906
2023-06-16,183.0868682861328,337.0884094238281,122.7935562133789
2023-06-20,183.1759796142578,332.87396240234375,122.36611938476562
2023-06-21,182.1363983154297,328.45269775390625,119.83132934570312
2023-06-22,185.14625549316406,334.5085144042969,122.41583251953125
2023-06-23,184.82945251464844,329.8902893066406,121.61065673828125
2023-06-26,183.4334259033203,323.56866455078125,117.63450622558594
2023-06-27,186.1957550048828,329.447265625,117.62456512451172
2023-06-28,187.37396240234375,330.7076721191406,119.46353149414062
2023-06-29,187.71055603027344,329.91986083984375,118.38997650146484
2023-06-30,192.04718017578125,335.32586669921875,118.98639678955078
2023-07-03,190.55215454101562,332.81488037109375,119.1852035522461
2023-07-05,189.43333435058594,332.9723815917969,121.02417755126953
2023-07-06,189.9085693359375,336.0446472167969,119.39395904541016
2023-07-07,188.78977966308594,332.056640625,118.76770782470703
2023-07-10,186.7403106689453,326.74920654296875,115.75576782226562
2023-07-11,186.215576171875,327.3793640136719,116.44165802001953
2023-07-12,187.88880920410156,332.0369873046875,118.22098541259766
2023-07-13,188.65115356445312,337.4133605957031,123.79754638671875
2023-07-14,188.7996826171875,339.953857421875,124.67229461669922
2023-07-17,192.0669708251953,340.4364013671875,123.90689086914062
2023-07-18,191.80953979492188,353.98565673828125,123.02220153808594
2023-07-19,193.1659698486328,349.6431884765625,121.3025131225586
2023-07-20,191.2154998779297,341.5589294433594,118.4893798828125
2023-07-21,190.0373077392578,338.50634765625,119.30448150634766
2023-07-24,190.83926391601562,339.8258361816406,120.80548858642578
2023-07-25,191.70065307617188,345.60601806640625,121.48143768310547
2023-07-26,192.5718994140625,332.5982360839844,128.4993438720703
2023-07-27,191.30458068847656,325.6561584472656,128.62857055664062
2023-07-28,193.88876342773438,333.1890563964844,131.78961181640625
2023-07-31,194.5025634765625,330.7765808105469,131.9287872314453
2023-08-01,193.6708984375,331.19012451171875,130.7657470703125
2023-08-02,190.6709442138672,322.4855041503906,127.6146469116211
2023-08-03,189.27493286132812,321.6583251953125,127.68421936035156
2023-08-04,180.1859588623047,322.7611999511719,127.34625244140625
2023-08-07,177.07705688476562,325.05548095703125,130.74588012695312
2023-08-08,178.0176239013672,321.05767822265625,130.6166229248047
2023-08-09,176.4236297607422,317.29620361328125,128.88702392578125
2023-08-10,176.20578002929688,317.9854736328125,128.91683959960938
2023-08-11,176.26527404785156,316.0948791503906,128.78761291503906
2023-08-14,177.92095947265625,319.0784606933594,130.5470733642578
2023-08-15,175.9281768798828,316.93182373046875,129.00631713867188
2023-08-16,175.0557403564453,316.1621398925781,127.9327392578125
2023-08-17,172.50775146484375,312.688720703125,129.1454620361328
2023-08-18,172.99359130859375,312.2940368652344,126.70013427734375
2023-08-21,174.33200073242188,317.62261962890625,127.60469055175781
2023-08-22,175.71006774902344,318.1949157714844,128.31048583984375
2023-08-23,179.5667266845703,322.6748962402344,131.58087158203125
2023-08-24,174.86737060546875,315.7378845214844,129.00631713867188
2023-08-25,177.07823181152344,318.70806884765625,129.105712890625
2023-08-28,178.64468383789062,319.41851806640625,130.22897338867188
2023-08-29,182.5409698486328,324.0662536621094,133.76776123046875
2023-08-30,186.04071044921875,324.44122314453125,135.0699462890625
2023-08-31,186.25881958007812,323.4248352050781,135.3582000732422
2023-09-01,187.83517456054688,324.3128967285156,134.8512420654297
2023-09-05,188.07313537597656,329.13824462890625,134.96060180664062
2023-09-06,181.34136962890625,328.4771423339844,133.6584014892578
2023-09-07,176.0372314453125,325.54638671875,134.45361328125
2023-09-08,176.6519012451172,329.8486633300781,135.5669708251953
2023-09-11,177.82179260253906,333.4701843261719,136.10374450683594
2023-09-12,174.78807067871094,327.3817443847656,134.53314208984375
2023-09-13,172.7159881591797,331.6150207519531,135.89498901367188
2023-09-14,174.23284912109375,334.2201232910156,137.27670288085938
2023-09-15,173.50909423828125,325.8522644042969,136.58087158203125
2023-09-18,176.44371032714844,324.7076416015625,137.3860626220703
2023-09-19,177.53428649902344,324.3030700683594,137.21705627441406
2023-09-20,173.98500061035156,316.52728271484375,132.9427032470703
2023-09-21,172.43836975097656,315.3036804199219,129.66236877441406
2023-09-22,173.29098510742188,312.8170166015625,129.47348022460938
2023-09-25,174.56993103027344,313.3399963378906,130.328369140625
2023-09-26,170.48526000976562,308.0114440917969,127.80352783203125
2023-09-27,168.96839904785156,308.65283203125,129.7617645263672
2023-09-28,169.2261505126953,309.4915771484375,131.52120971679688
2023-09-29,169.74168395996094,311.5736999511719,130.07986450195312
2023-10-02,172.25991821289062,317.54364013671875,133.37013244628906
2023-10-03,170.92147827148438,309.244873046875,131.6405029296875
2023-10-04,172.1707000732422,314.7411804199219,134.4337615966797
2023-10-05,173.4099884033203,315.1358947753906,134.2647705078125
2023-10-06,175.96783447265625,322.9314270019531,136.75979614257812
2023-10-09,177.4549560546875,325.4575500488281,137.5948028564453
2023-10-10,176.86013793945312,324.0465087890625,137.2369384765625
2023-10-11,178.25802612304688,328.023193359375,139.71209716796875
2023-10-12,179.1602325439453,326.7799072265625,138.1415252685547
2023-10-13,177.31617736816406,323.395263671875,136.54112243652344
2023-10-16,177.1873016357422,328.24029541015625,138.270751953125
2023-10-17,175.6307373046875,327.6679382324219,138.88705444335938
2023-10-18,174.33200073242188,325.74371337890625,137.1375274658203
2023-10-19,173.9552459716797,326.9377136230469,136.9287872314453
2023-10-20,171.39739990234375,322.3492431640625,134.79161071777344
2023-10-23,171.516357421875,324.96417236328125,135.68624877929688
2023-10-24,171.95257568359375,326.1581726074219,137.98248291015625
2023-10-25,169.63265991210938,336.1640930175781,124.86116790771484
2023-10-26,165.45872497558594,323.5531005859375,121.55101776123047
2023-10-27,166.77732849121094,325.4477233886719,121.44168090820312
2023-10-30,168.82958984375,332.8484802246094,123.718017578125
2023-10-31,169.30548095703125,333.6379089355469,123.34028625488281
2023-11-01,172.47804260253906,341.4926452636719,125.69615173339844
2023-11-02,176.04714965820312,343.712890625,126.72996520996094
2023-11-03,175.1350555419922,348.13360595703125,128.3303680419922
2023-11-06,177.6929168701172,351.8142395019531,129.47348022460938
2023-11-07,180.26072692871094,355.7613525390625,130.18922424316406
2023-11-08,181.32151794433594,358.39605712890625,131.0540313720703
2023-11-09,180.8456573486328,355.9192810058594,129.46356201171875
2023-11-10,185.04489135742188,364.78045654296875,131.79954528808594
2023-11-13,183.45652770996094,361.8300476074219,131.3025360107422
2023-11-14,186.07733154296875,365.37249755859375,132.8234100341797
2023-11-15,186.64320373535156,365.52081298828125,133.8174591064453
2023-11-16,188.33082580566406,371.9478759765625,136.11367797851562
2023-11-17,188.31097412109375,365.69891357421875,134.50335693359375
2023-11-20,190.05816650390625,373.2037048339844,135.43772888183594
2023-11-21,189.25405883789062,368.8826904296875,136.1534423828125
2023-11-22,189.91917419433594,373.6090393066406,137.6643829345703
2023-11-24,188.58895874023438,373.1937561035156,135.87510681152344
2023-11-27,188.41024780273438,374.36053466796875,135.59677124023438
2023-11-28,189.0158233642578,378.4046325683594,136.38206481933594
2023-11-29,187.99330139160156,374.59783935546875,134.18524169921875
2023-11-30,188.56907653808594,374.65716552734375,131.7399139404297
2023-12-01,189.84970092773438,370.30657958984375,131.0738983154297
2023-12-04,188.0528564453125,364.9967956542969,128.4993438720703
2023-12-05,192.0138397216797,368.3388366699219,130.2091064453125
2023-12-06,190.92185974121094,364.6606140136719,129.24488830566406
2023-12-07,192.85768127441406,366.7865295410156,136.11367797851562
2023-12-08,194.28720092773438,370.02972412109375,134.18524169921875
2023-12-11,191.7755889892578,367.132568359375,132.49537658691406
2023-12-12,193.29449462890625,370.17803955078125,131.72999572753906
2023-12-13,196.52085876464844,370.1680908203125,131.77969360351562
2023-12-14,196.66976928710938,361.82281494140625,131.15342712402344
2023-12-15,196.13369750976562,366.5690002441406,131.80950927734375
2023-12-18,194.4658966064453,368.4674377441406,134.99041748046875
2023-12-19,195.50827026367188,369.0705871582031,135.8353271484375
2023-12-20,193.4136199951172,366.46014404296875,137.5152587890625
2023-12-21,193.2646942138672,369.347412109375,139.58287048339844
2023-12-22,192.1925506591797,370.3757629394531,140.64649963378906
2023-12-26,191.6465606689453,370.4548645019531,140.67633056640625
2023-12-27,191.74581909179688,369.8714599609375,139.53317260742188
2023-12-28,192.17271423339844,371.06793212890625,139.3939971923828
2023-12-29,191.13031005859375,371.8193664550781,138.8572235107422
2024-01-02,184.29042053222656,366.7073669433594,137.34629821777344
2024-01-03,182.91050720214844,366.4404602050781,138.09181213378906
2024-01-04,180.58753967285156,363.8102722167969,135.576904296875
2024-01-05,179.86280822753906,363.6224365234375,134.9208221435547
2024-01-08,184.21099853515625,370.4845275878906,138.0122833251953
2024-01-09,183.79405212402344,371.57220458984375,140.10972595214844
2024-01-10,184.83642578125,378.4738464355469,141.43177795410156
2024-01-11,184.2407684326172,380.31292724609375,141.2329864501953
2024-01-12,184.56837463378906,384.10986328125,141.79957580566406
2024-01-16,182.29502868652344,385.8896484375,141.64053344726562
2024-01-17,181.35191345214844,385.0986328125,140.6266326904297
2024-01-18,187.25868225097656,389.4492492675781,142.62461853027344
2024-01-19,190.16737365722656,394.19537353515625,145.50733947753906
2024-01-22,192.4804229736328,392.0596618652344,145.1196746826172
2024-01-23,193.7610626220703,394.42279052734375,146.16342163085938
2024-01-24,193.0860137939453,398.04168701171875,147.81350708007812
2024-01-25,192.75840759277344,400.3257751464844,150.96458435058594
2024-01-26,191.02114868164062,399.3963623046875,151.28269958496094
2024-01-29,190.3361358642578,405.1213684082031,152.59483337402344
2024-01-30,186.67295837402344,404.0039978027344,150.55706787109375
2024-01-31,183.0594482421875,393.11761474609375,139.26480102539062
2024-02-01,185.5015411376953,399.2480163574219,140.3184814453125
2024-02-02,184.4989013671875,406.6045227050781,141.5312042236328
2024-02-05,186.31558227539062,401.0970153808594,142.8234405517578
2024-02-06,187.92381286621094,400.9388122558594,143.24093627929688
2024-02-07,188.03302001953125,409.4027404785156,144.67233276367188
2024-02-08,186.950927734375,409.4620361328125,145.04014587402344
2024-02-09,187.71630859375,415.82977294921875,148.11172485351562
2024-02-12,186.02650451660156,410.5991516113281,146.65048217773438
2024-02-13,183.92916870117188,401.759521484375,144.27474975585938
2024-02-14,183.04452514648438,405.64263916015625,145.06996154785156
2024-02-15,182.7562713623047,402.74017333984375,141.91888427734375
2024-02-16,181.21556091308594,400.2637023925781,139.6822967529297
2024-02-20,180.47007751464844,399.0056457519531,140.27870178222656
2024-02-21,181.2255096435547,398.4013671875,141.70018005371094
2024-02-22,183.26321411132812,407.78240966796875,143.23098754882812
2024-02-23,181.42431640625,406.48468017578125,143.1017608642578
2024-02-26,180.0724639892578,403.7110290527344,136.7498779296875
2024-02-27,181.53366088867188,403.65155029296875,138.0520477294922
2024-02-28,180.33091735839844,403.8893127441406,135.5669708251953
2024-02-29,179.66493225097656,409.7536926269531,137.6345672607422
2024-03-01,178.5814971923828,411.59619140625,136.3224334716797
2024-03-04,174.04885864257812,411.0216369628906,132.55502319335938
2024-03-05,169.0987548828125,398.8669128417969,131.8790740966797
2024-03-06,168.104736328125,398.3122253417969,130.6166229248047
2024-03-07,167.98545837402344,405.2959899902344,133.57888793945312
2024-03-08,169.705078125,402.4034118652344,134.6027374267578
2024-03-11,171.7129669189453,400.7193908691406,136.84925842285156
2024-03-12,172.19007873535156,411.3782958984375,137.67433166503906
2024-03-13,170.10269165039062,411.20001220703125,138.9566192626953
2024-03-14,171.9614715576172,421.22491455078125,142.2469024658203
2024-03-15,171.58372497558594,412.507568359375,140.33831787109375
2024-03-18,172.67713928222656,413.39910888671875,146.79959106445312
2024-03-19,175.02296447753906,417.45068359375,146.1534423828125
2024-03-20,177.597412109375,421.23480224609375,147.853271484375
2024-03-21,170.3412322998047,425.33587646484375,146.72007751464844
2024-03-22,171.24578857421875,424.7118225097656,149.8711700439453
2024-03-25,169.82437133789062,418.8870544433594,149.1753692626953
2024-03-26,168.69122314453125,417.68841552734375,149.7717742919922
2024-03-27,172.2696075439453,417.4704895019531,149.9705810546875
2024-03-28,170.45057678222656,416.76715087890625,150.03021240234375
2024-04-01,169.00927734375,420.58099365234375,154.5630340576172
2024-04-02,167.826416015625,417.4803771972656,153.63858032226562
2024-04-03,168.63156127929688,416.4997253417969,153.99642944335938
2024-04-04,167.8065643310547,413.953857421875,149.63258361816406
2024-04-05,168.56198120117188,421.52203369140625,151.5908660888672
2024-04-08,167.4387664794922,420.600830078125,153.92686462402344
2024-04-09,168.65145874023438,422.27490234375,155.6664276123047
2024-04-10,166.77279663085938,419.2832946777344,155.20916748046875
2024-04-11,173.98919677734375,423.909423828125,158.4596710205078
2024-04-12,175.4901580810547,417.9360656738281,156.78970336914062
2024-04-15,171.65330505371094,409.7536926269531,153.93679809570312
2024-04-16,168.36322021484375,410.684814453125,153.47952270507812
2024-04-17,166.99148559570312,407.9705810546875,154.5431671142578
2024-04-18,166.0372314453125,400.47174072265625,155.07992553710938
2024-04-19,164.00949096679688,395.3701171875,153.17137145996094
2024-04-22,164.8444366455078,397.19281005859375,155.3483123779297
2024-04-23,165.89808654785156,403.7407531738281,157.31651306152344
2024-04-24,168.00537109375,405.2166748046875,158.18133544921875
2024-04-25,168.87013244628906,395.2908935546875,155.07000732421875
2024-04-26,168.28367614746094,402.5024719238281,170.92489624023438
2024-04-29,172.4584503173828,398.470703125,165.1594696044922
2024-04-30,169.30747985839844,385.67205810546875,161.80958557128906
2024-05-01,168.28367614746094,391.2293701171875,162.88314819335938
2024-05-02,171.9912872314453,394.10211181640625,165.6266632080078
2024-05-03,182.27914428710938,402.8392639160156,166.24301147460938
2024-05-06,180.61917114257812,409.6546325683594,167.0978546142578
2024-05-07,181.30502319335938,405.49407958984375,170.2290802001953
2024-05-08,181.6429901123047,406.68280029296875,168.3702392578125
2024-05-09,183.46200561523438,408.44610595703125,168.94677734375
2024-05-10,182.19793701171875,410.8433532714844,167.6445770263672
2024-05-13,185.41287231445312,409.83294677734375,168.1316680908203
2024-05-14,186.55751037597656,412.6462707519531,169.32449340820312
2024-05-15,188.83688354492188,419.86090087890625,171.48155212402344
2024-05-16,188.95631408691406,417.7868347167969,173.1416015625
2024-05-17,188.9861602783203,417.0127868652344,175.01039123535156
2024-05-20,190.15072631835938,422.103759765625,175.8652801513672
2024-05-21,191.4546356201172,425.77557373046875,176.7897186279297
2024-05-22,190.01136779785156,427.24432373046875,175.32850646972656
2024-05-23,186.01010131835938,423.7510986328125,172.51536560058594
2024-05-24,189.0956573486328,426.8870544433594,173.94680786132812
2024-05-28,189.10560607910156,427.0458679199219,175.34837341308594
2024-05-29,189.4042205810547,425.9046325683594,174.85133361816406
2024-05-30,190.39956665039062,411.51495361328125,171.08395385742188
2024-05-31,191.3551025390625,411.9714660644531,171.4716339111328
2024-06-03,193.12681579589844,410.3736877441406,172.1376495361328
2024-06-04,193.4453125,412.904296875,172.75393676757812
2024-06-05,194.95823669433594,420.7839050292969,174.36428833007812
2024-06-06,193.57470703125,421.28997802734375,175.6763916015625
2024-06-07,195.97349548339844,420.6250915527344,173.4199676513672
2024-06-10,192.2210235595703,424.614501953125,174.1663055419922
2024-06-11,206.18572998046875,429.38787841796875,175.7685546875
2024-06-12,212.0782012939453,437.70416259765625,176.9329071044922
2024-06-13,213.24273681640625,438.2201843261719,174.3155975341797
2024-06-14,211.50086975097656,439.2026672363281,175.93771362304688
2024-06-17,215.6614227294922,444.9585266113281,176.38558959960938
2024-06-18,213.29248046875,442.9439697265625,174.2459259033203
2024-06-20,208.70394897460938,442.308837890625,175.45010375976562
2024-06-21,206.524169921875,446.3577880859375,178.76406860351562
2024-06-24,207.171142578125,444.2638854980469,178.3560333251953
2024-06-25,208.0968017578125,447.5188903808594,183.142822265625
2024-06-26,212.25733947753906,448.71966552734375,182.99354553222656
2024-06-27,213.10340881347656,449.4044494628906,184.5161895751953
2024-06-28,209.6395721435547,443.5493469238281,181.2718963623047
2024-07-01,215.7410430908203,453.25494384765625,182.1078643798828
2024-07-02,219.2446746826172,455.7855224609375,184.34701538085938
2024-07-03,220.51870727539062,457.26416015625,184.92420959472656
2024-07-05,225.28640747070312,464.0024719238281,189.68116760253906
2024-07-08,226.759521484375,462.69256591796875,188.11874389648438
2024-07-09,227.61550903320312,456.04351806640625,188.06898498535156
2024-07-10,231.8955078125,462.7024841308594,190.25836181640625
2024-07-11,226.5106964111328,451.2403564453125,184.67543029785156
2024-07-12,229.4668426513672,450.09912109375,184.17784118652344
2024-07-15,233.3088836669922,450.5059814453125,185.6307830810547
2024-07-16,233.7269287109375,446.0997619628906,183.03335571289062
2024-07-17,227.8145751953125,440.1454162597656,180.14735412597656
2024-07-18,223.13645935058594,437.0194091796875,176.83340454101562
2024-07-19,223.26585388183594,433.7841796875,176.8035430908203
2024-07-22,222.91748046875,439.5698547363281,180.79420471191406
2024-07-23,223.96261596679688,441.4653015136719,180.91363525390625
2024-07-24,217.522705078125,425.63665771484375,171.79779052734375
2024-07-25,216.4776153564453,415.2165222167969,166.4735870361328
2024-07-26,216.94541931152344,422.0342712402344,166.19493103027344
2024-07-29,217.22412109375,423.4831848144531,168.71273803710938
2024-07-30,217.78152465820312,419.7021789550781,169.4690704345703
2024-07-31,221.04623413085938,415.1669006347656,170.71304321289062
2024-08-01,217.34353637695312,413.93634033203125,169.9368133544922
2024-08-02,218.83657836914062,405.3819580078125,165.85658264160156
2024-08-05,208.29586791992188,392.1434326171875,158.48228454589844
2024-08-06,206.26535034179688,396.56951904296875,157.52691650390625
2024-08-07,208.8433074951172,395.3985290527344,158.17379760742188
2024-08-08,212.31704711914062,399.6261291503906,161.24888610839844
2024-08-09,215.2334442138672,402.9307556152344,162.88099670410156
2024-08-12,216.76803588867188,403.7146911621094,161.50762939453125
2024-08-13,220.4949493408203,410.8599853515625,163.36862182617188
2024-08-14,220.943359375,413.6882629394531,159.59689331054688
2024-08-15,223.93284606933594,418.5796203613281,160.52239990234375
2024-08-16,225.25819396972656,416.0345153808594,162.17440795898438
2024-08-19,225.09873962402344,419.07672119140625,165.86651611328125
2024-08-20,225.71658325195312,422.32769775390625,166.3740692138672
2024-08-21,225.60696411132812,421.67156982421875,165.05047607421875
2024-08-22,223.74349975585938,413.13153076171875,163.01034545898438
2024-08-23,226.04542541503906,414.36431884765625,164.82156372070312
2024-08-26,226.38421630859375,411.08349609375,165.35899353027344
2024-08-27,227.23126220703125,411.43145751953125,163.88612365722656
2024-08-28,225.69664001464844,408.2103271484375,162.06495666503906
2024-08-29,228.98509216308594,410.71563720703125,161.00009155273438
2024-08-30,228.19786071777344,414.7122802734375,162.5924072265625
2024-09-03,221.98968505859375,407.05706787109375,156.60142517089844
2024-09-04,220.07640075683594,406.5202331542969,155.69580078125
2024-09-05,221.60104370117188,406.0132141113281,156.48199462890625
2024-09-06,220.0465087890625,399.3621520996094,150.1924591064453
2024-09-09,220.13619995117188,403.3587646484375,148.1894989013672
2024-09-10,219.3389892578125,411.7894287109375,148.13966369628906
2024-09-11,221.88006591796875,420.57794189453125,150.63092041015625
2024-09-12,221.98968505859375,424.514892578125,154.1485595703125
2024-09-13,221.72061157226562,428.083984375,156.90887451171875
2024-09-16,215.56227111816406,428.8296203613281,157.5067596435547
2024-09-17,216.03060913085938,432.61749267578125,158.76234436035156
2024-09-18,219.91696166992188,428.302734375,159.25062561035156
2024-09-19,228.0683135986328,436.1368713378906,161.57247924804688
2024-09-20,227.40065002441406,432.73675537109375,163.0174102783203
2024-09-23,225.6767120361328,430.9870300292969,161.28350830078125
2024-09-24,226.5735626220703,426.67230224609375,161.72195434570312
2024-09-25,225.5770721435547,429.5951232910156,160.9247589111328
2024-09-26,226.72303771972656,428.7998046875,162.16041564941406
2024-09-27,226.99208068847656,425.5289611816406,163.3761444091797
2024-09-30,232.183837890625,427.7956848144531,165.26951599121094
2024-10-01,225.41761779785156,418.24163818359375,166.40550231933594
2024-10-02,225.98562622070312,414.7023620605469,165.2794647216797
2024-10-03,224.8795166015625,414.11578369140625,165.2794647216797
2024-10-04,226.0055694580078,413.6385498046875,166.47525024414062
2024-10-07,220.91348266601562,407.1565246582031,162.4095458984375
2024-10-08,224.9791717529297,412.29638671875,163.8046417236328
2024-10-09,228.7359619140625,415.0303955078125,161.29345703125
2024-10-10,228.23770141601562,413.4198303222656,161.51268005371094
2024-10-11,226.75294494628906,413.89703369140625,162.66864013671875
2024-10-14,230.48980712890625,416.7006530761719,164.3826141357422
2024-10-15,233.03086853027344,416.302978515625,164.88087463378906
2024-10-16,230.96810913085938,413.6982116699219,164.5819091796875
2024-10-17,231.33682250976562,414.2947082519531,162.3596954345703
2024-10-18,234.17684936523438,415.72637939453125,162.84800720214844
2024-10-21,235.6516571044922,416.3427429199219,163.49574279785156
2024-10-22,235.03382873535156,425.0219421386719,164.56198120117188
2024-10-23,229.95169067382812,422.1288757324219,162.21023559570312
2024-10-24,229.76235961914062,422.25811767578125,162.15045166015625
2024-10-25,230.5994110107422,425.658203125,164.6915283203125
2024-10-28,232.5824432373047,424.1072998046875,166.13645935058594
2024-10-29,232.85150146484375,429.43609619140625,169.08607482910156
2024-10-30,229.29400634765625,430.0126953125,173.84934997558594
2024-10-31,225.11868286132812,403.985107421875,170.51109313964844
2024-11-01,222.1291961669922,407.9816589355469,170.69046020507812
2024-11-04,221.23233032226562,406.082763671875,168.6476287841797
2024-11-05,222.66729736328125,409.0653076171875,169.14588928222656
2024-11-06,221.93984985351562,417.7345886230469,175.89218139648438
2024-11-07,226.6831817626953,422.9540100097656,180.11734008789062
2024-11-08,226.41383361816406,420.08087158203125,177.72573852539062
2024-11-11,223.69039916992188,415.57720947265625,179.71875
2024-11-12,223.69039916992188,420.5679931640625,180.98428344726562
2024-11-13,224.57826232910156,422.7253723144531,178.25387573242188
2024-11-14,227.67080688476562,424.4055480957031,174.96543884277344
2024-11-15,224.4585418701172,412.5847473144531,171.8862762451172
2024-11-18,227.47128295898438,413.34033203125,174.68641662597656
2024-11-19,227.73065185546875,415.3585205078125,177.4965362548828
2024-11-20,228.44891357421875,413.0718688964844,175.36404418945312
2024-11-21,227.97007751464844,411.2887268066406,167.04327392578125
2024-11-22,229.3168182373047,415.40289306640625,164.1833038330078
2024-11-25,232.30960083007812,417.1860656738281,167.0631866455078
2024-11-26,234.49432373046875,426.350830078125,168.52804565429688
2024-11-27,234.36465454101562,421.3699645996094,168.63766479492188
2024-11-29,236.75888061523438,421.83819580078125,168.358642578125
2024-12-02,239.013427734375,429.3293762207031,170.8897705078125
2024-12-03,242.06607055664062,429.5485534667969,170.7402801513672
2024-12-04,242.42520141601562,435.7447204589844,173.75967407226562
2024-12-05,242.4551239013672,440.9248046875,172.0357208251953
2024-12-06,242.25559997558594,441.87115478515625,174.09849548339844
2024-12-09,246.1562042236328,444.311767578125,174.95645141601562
2024-12-10,247.1737518310547,441.6320495605469,184.7333526611328
2024-12-11,245.89682006835938,447.2704162597656,194.939208984375
2024-12-12,247.36329650878906,447.83819580078125,191.50735473632812
2024-12-13,247.5328826904297,445.5569763183594,189.3723907470703
2024-12-16,250.4358673095703,449.86041259765625,196.19625854492188
2024-12-17,252.8699951171875,452.7194519042969,194.95916748046875
2024-12-18,247.4530792236328,435.71484375,187.9557342529297
2024-12-19,249.1888885498047,435.356201171875,188.06546020507812
2024-12-20,253.87759399414062,434.9278869628906,190.95863342285156
2024-12-23,254.6557159423828,433.5830383300781,194.17103576660156
2024-12-24,257.57867431640625,437.64739990234375,195.64755249023438
2024-12-26,258.39666748046875,436.43206787109375,195.1387481689453
2024-12-27,254.9749298095703,428.881103515625,192.30543518066406
2024-12-30,251.5930938720703,423.2029113769531,190.78904724121094
2024-12-31,249.8173828125,419.88568115234375,188.85360717773438
2025-01-02,243.26319885253906,416.97686767578125,188.98329162597656
2025-01-03,242.7743682861328,421.7286071777344,191.3377227783203
2025-01-06,244.41041564941406,426.21136474609375,196.40576171875
2025-01-07,241.62713623046875,420.7523498535156,195.02902221679688
2025-01-08,242.11593627929688,422.9339599609375,193.49264526367188
2025-01-10,236.280029296875,417.345458984375,191.58712768554688
2025-01-13,233.83592224121094,415.5921936035156,190.5595703125
2025-01-14,232.71861267089844,414.0780334472656,189.2127685546875
2025-01-15,237.2975616455078,424.67724609375,195.0888671875
2025-01-16,227.710693359375,422.953857421875,192.45509338378906
2025-01-17,229.4265594482422,427.3868408203125,195.53781127929688
2025-01-21,222.10421752929688,426.85888671875,197.58297729492188
2025-01-22,223.29135131835938,444.4910888671875,197.9022216796875
2025-01-23,223.1217803955078,444.9991149902344,197.5131378173828
2025-01-24,222.24388122558594,442.3592834472656,199.73788452148438
2025-01-27,229.3068389892578,432.8956604003906,191.35769653320312
2025-01-28,237.68663024902344,445.4872741699219,194.83946228027344
2025-01-29,238.78399658203125,440.6358947753906,194.94920349121094
2025-01-30,237.0182342529297,413.4006042480469,200.39633178710938
2025-01-31,235.4320831298828,413.4703369140625,203.5388946533203
2025-02-03,227.4613037109375,409.3462219238281,200.75546264648438
2025-02-04,232.23977661132812,410.7906494140625,205.89334106445312
2025-02-05,231.9105682373047,411.7071228027344,190.8788299560547
2025-02-06,232.6587677001953,414.2274475097656,191.148193359375
2025-02-07,227.08221435546875,408.1806945800781,184.90293884277344
2025-02-10,227.3518524169922,410.6412048339844,186.03028869628906
2025-02-11,232.3153533935547,409.86419677734375,184.8830108642578
2025-02-12,236.55978393554688,407.473388671875,183.17701721191406
2025-02-13,241.21368408203125,408.9676513671875,185.70106506347656
2025-02-14,244.2796630859375,406.86572265625,184.79319763183594
2025-02-18,244.14984130859375,408.07110595703125,183.33665466308594
2025-02-19,244.54930114746094,413.1814270019531,184.83311462402344
2025-02-20,245.508056640625,415.3674621582031,184.12478637695312
2025-02-21,245.22842407226562,407.4619445800781,179.23634338378906
2025-02-24,246.77639770507812,403.2596740722656,178.8273162841797
2025-02-25,246.71646118164062,397.17083740234375,175.00633239746094
2025-02-26,240.0452117919922,398.99749755859375,172.3226776123047
2025-02-27,236.98922729492188,391.8106994628906,168.1026611328125
2025-02-28,241.5232696533203,396.26251220703125,169.8784637451172
2025-03-03,237.71826171875,387.778076171875,166.6161651611328
2025-03-04,235.6210174560547,387.8978576660156,170.51695251464844
2025-03-05,235.4312744140625,400.2851257324219,172.6120147705078
2025-03-06,235.0218048095703,396.1627197265625,171.94358825683594
2025-03-07,238.7569122314453,392.5892639160156,173.45001220703125
2025-03-10,227.1820831298828,379.46337890625,165.66943359375
2025-03-11,220.55078125,379.7528381347656,163.84164428710938
2025-03-12,216.69583129882812,382.5676574707031,166.90794372558594
2025-03-13,209.4053955078125,378.0758972167969,162.56320190429688
2025-03-14,213.21041870117188,387.84796142578125,165.28990173339844
2025-03-17,213.71974182128906,387.98773193359375,164.09133911132812
2025-03-18,212.4114532470703,382.81719970703125,160.47572326660156
2025-03-19,214.95811462402344,387.1093444824219,163.69183349609375
2025-03-20,213.81961059570312,386.131103515625,162.6031494140625
2025-03-21,217.98414611816406,390.54302978515625,163.79171752929688
2025-03-24,220.44091796875,392.35968017578125,167.4772491455078
2025-03-25,223.45697021484375,394.4358825683594,170.353759765625
2025-03-26,221.2398681640625,389.2554016113281,164.86041259765625
2025-03-27,223.5568389892578,389.8642578125,162.04383850097656
2025-03-28,217.6146240234375,378.1058349609375,154.14340209960938
2025-03-31,221.83909606933594,374.7021179199219,154.45301818847656
2025-04-01,222.897705078125,381.4896545410156,156.8800811767578
2025-04-02,223.59678649902344,381.43975830078125,156.85011291503906
2025-04-03,202.9239044189453,372.42626953125,150.5377655029297
2025-04-04,188.13330078125,359.18060302734375,145.4239501953125
2025-04-07,181.2223663330078,357.2042236328125,146.5725555419922
2025-04-08,172.19419860839844,353.9102783203125,144.52503967285156
2025-04-09,198.58958435058594,389.7744140625,158.51809692382812
2025-04-10,190.17062377929688,380.65118408203125,152.63522338867188
2025-04-11,197.89048767089844,387.7381896972656,156.9499969482422
2025-04-14,202.25477600097656,387.0993347167969,158.87767028808594
2025-04-15,201.87527465820312,385.0231628417969,156.12100219726562
2025-04-16,194.0155792236328,370.92901611328125,153.1446075439453
2025-04-17,196.72203063964844,367.1060485839844,150.97723388671875
2025-04-21,192.9070281982422,358.4619140625,147.49143981933594
2025-04-22,199.47842407226562,366.1478271484375,151.28684997558594
2025-04-23,204.33206176757812,373.7039489746094,155.16217041015625
2025-04-24,208.09710693359375,386.59027099609375,159.08740234375
2025-04-25,209.00592041015625,391.1319580078125,161.76417541503906
2025-04-28,209.8647918701172,390.4432067871094,160.41580200195312
2025-04-29,210.9333953857422,393.31793212890625,159.9663543701172
2025-04-30,212.22171020507812,394.53570556640625,158.6079864501953
2025-05-01,213.04063415527344,424.6204528808594,161.10496520996094
2025-05-02,205.08106994628906,434.48236083984375,163.8316650390625
2025-05-05,198.62953186035156,435.3707275390625,164.01145935058594
2025-05-06,198.25001525878906,432.5159606933594,163.03262329101562
2025-05-07,195.99298095703125,432.555908203125,151.19696044921875
2025-05-08,197.2313690185547,437.3670654296875,154.0934600830078
2025-05-09,198.27000427246094,437.9260559082031,152.5653076171875
2025-05-12,210.7899932861328,448.4367370605469,158.26840209960938
2025-05-13,212.92999267578125,448.3169860839844,159.33709716796875
2025-05-14,212.3300018310547,452.1099853515625,165.1700439453125
2025-05-15,211.4499969482422,453.1300048828125,163.76174926757812
2025-05-16,211.25999450683594,454.2699890136719,165.9890594482422
2025-05-19,208.77999877929688,458.8699951171875,166.338623046875
2025-05-20,206.86000061035156,458.1700134277344,163.78172302246094
2025-05-21,202.08999633789062,452.57000732421875,168.35618591308594
2025-05-22,201.36000061035156,454.8599853515625,170.66339111328125
2025-05-23,195.27000427246094,450.17999267578125,168.26629638671875
2025-05-27,200.2100067138672,460.69000244140625,172.69093322753906
2025-05-28,200.4199981689453,457.3599853515625,172.15159606933594
2025-05-29,199.9499969482422,458.67999267578125,171.65219116210938
2025-05-30,200.85000610351562,460.3599853515625,171.5323486328125
2025-06-02,201.6999969482422,461.9700012207031,168.82562255859375
2025-06-03,203.27000427246094,462.9700012207031,165.97906494140625
2025-06-04,202.82000732421875,463.8699951171875,167.8468017578125
2025-06-05,200.6300048828125,467.67999267578125,168.00662231445312
2025-06-06,203.9199981689453,470.3800048828125,173.46998596191406
2025-06-09,201.4499969482422,472.75,176.08999633789062
2025-06-10,202.6699981689453,470.9200134277344,178.60000610351562
2025-06-11,198.77999877929688,472.6199951171875,177.35000610351562
2025-06-12,199.1999969482422,478.8699951171875,175.6999969482422
2025-06-13,196.4499969482422,474.9599914550781,174.6699981689453
2025-06-16,198.4199981689453,479.1400146484375,176.77000427246094
2025-06-17,195.63999938964844,478.0400085449219,175.9499969482422
2025-06-18,196.5800018310547,480.239990234375,173.32000732421875
2025-06-20,201.0,477.3999938964844,166.63999938964844
2025-06-23,201.5,486.0,165.19000244140625
2025-06-24,200.3000030517578,490.1099853515625,166.77000427246094
2025-06-25,201.55999755859375,492.2699890136719,170.67999267578125
2025-06-26,201.0,497.45001220703125,173.5399932861328
2025-06-27,201.0800018310547,495.94000244140625,178.52999877929688
2025-06-30,205.1699981689453,497.4100036621094,176.22999572753906
2025-07-01,207.82000732421875,492.04998779296875,175.83999633789062
2025-07-02,212.44000244140625,491.0899963378906,178.63999938964844
2025-07-03,213.5500030517578,498.8399963378906,179.52999877929688
2025-07-07,209.9499969482422,497.7200012207031,176.7899932861328
2025-07-08,210.00999450683594,496.6199951171875,174.36000061035156
2025-07-09,211.13999938964844,503.510009765625,176.6199951171875
2025-07-10,212.41000366210938,501.4800109863281,177.6199951171875
2025-07-11,211.16000366210938,503.32000732421875,180.19000244140625
2025-07-14,208.6199951171875,503.0199890136719,181.55999755859375
2025-07-15,209.11000061035156,505.82000732421875,182.0
2025-07-16,210.16000366210938,505.6199951171875,182.97000122070312
2025-07-17,210.02000427246094,511.70001220703125,183.5800018310547
2025-07-18,211.17999267578125,510.04998779296875,185.05999755859375
2025-07-21,212.47999572753906,510.05999755859375,190.10000610351562
2025-07-22,214.39999389648438,505.2699890136719,191.33999633789062
2025-07-23,214.14999389648438,505.8699951171875,190.22999572753906
2025-07-24,213.75999450683594,510.8800048828125,192.1699981689453
2025-07-25,213.8800048828125,513.7100219726562,193.17999267578125
2025-07-28,214.0500030517578,512.5,192.5800018310547
2025-07-29,211.27000427246094,512.5700073242188,195.75
2025-07-30,209.0500030517578,513.239990234375,196.52999877929688
2025-07-31,207.57000732421875,533.5,191.89999389648438
2025-08-01,202.3800048828125,524.1099853515625,189.1300048828125
2025-08-04,203.35000610351562,535.6400146484375,195.0399932861328
2025-08-05,202.9199981689453,527.75,194.6699981689453
2025-08-06,213.25,524.9400024414062,196.08999633789062
2025-08-07,220.02999877929688,520.8400268554688,196.52000427246094
2025-08-08,229.35000610351562,522.0399780273438,201.4199981689453
