Date,AAPL,MSFT,GOOGL
2018-01-03,-0.0001743782819776385,0.004653891914490282,0.01706095966521448
2018-01-04,0.004645141538129893,0.00880105079972604,0.003884476158599437
2018-01-05,0.011385322772026418,0.012398088607445956,0.013260185828358528
2018-01-08,-0.0037142105054903674,0.001020927705720931,0.003530614988834113
2018-01-09,-0.00011467216347216258,-0.0006797994685203701,-0.0012744961824010526
2018-01-10,-0.00022965034965038988,-0.004534048701505533,-0.002381332220398824
2018-01-11,0.005680092313973928,0.0029605690753484737,0.0017205379311688862
2018-01-12,0.010326387437332052,0.017256938813509537,0.01672589909273725
2018-01-16,-0.005082151148126157,-0.01395098799701533,4.41237125718974e-05
2018-01-17,0.016516463462505904,0.020260224352631973,0.007429087158679071
2018-01-18,0.0008931378407284196,-0.00044357313243514884,-0.002747786041521816
2018-01-19,-0.004462883072517854,-0.0011096543043807028,0.006628640336872271
2018-01-22,-0.008180923008204943,0.017889000574593528,0.01806731177758114
2018-01-23,0.0002257270007328671,0.0031653604892629694,0.010316385052390187
2018-01-24,-0.015928249335871558,-0.0008705158494509702,-0.004149007451390574
2018-01-25,-0.01785107842412814,0.005554621282860106,0.009263402649676289
2018-01-26,0.0023375352667927007,0.018736892957722295,0.004584872239464355
2018-01-29,-0.02069827561124682,-0.0014884631145973826,-0.000909467464531799
2018-01-30,-0.00589425699467605,-0.012564080312524761,-0.0076781911877691345
2018-01-31,0.0027552025597625818,0.024477229226211428,0.004119354702443845
2018-02-01,0.0020902858646250078,-0.007893924503139749,-0.0005329406880316689
2018-02-02,-0.043390470639707135,-0.026310165398803598,-0.05280166828125954
2018-02-05,-0.024984408797185553,-0.041185337802864375,-0.05075940926026967
2018-02-06,0.04179202859155562,0.03784074522905723,0.0207456409302047
2018-02-07,-0.02140738672092357,-0.01883281034050499,-0.026760578731673257
2018-02-08,-0.027516691888016975,-0.05133335928536231,-0.04519561884985679
2018-02-09,0.01223161653545346,0.03728954999565337,0.038264853022761836
2018-02-12,0.04027875226575994,0.010773449614019937,0.007923391541100333
2018-02-13,0.010018074938913601,0.007853690354332477,-0.00039825542000737624
2018-02-14,0.018437247084801323,0.015658229510296495,0.017606742867244618
2018-02-15,0.033578294253332475,0.020372393981891834,0.01739541006389911
2018-02-16,-0.0032373347023583188,-0.007122888224223689,0.003793480398182947
2018-02-20,-0.0033632334358899563,0.007825932670275204,0.007384678159003677
2018-02-21,-0.004538820185588377,-0.013265616244292677,0.009206299772699156
2018-02-22,0.008358953122787893,0.00262330575734282,-0.0034567982228245198
2018-02-23,0.017391375344839366,0.02540041312714658,0.01638889107869379
2018-02-26,0.019772067173501773,0.014458942739616232,0.013837505127414662
2018-02-27,-0.003240964781757283,-0.012785661448432295,-0.022899356138268434
2018-02-28,-0.0015134053025903649,-0.004564726038703837,-0.012160969993004866
2018-03-01,-0.017516472787987625,-0.009811218775376607,-0.0294496851847732
2018-03-02,0.006914544456153582,0.002153964702200195,0.01188168829404912
2018-03-05,0.003461689306218929,0.006340662364459515,0.009795809314418591
2018-03-06,-0.000848429106089732,-0.003417198140029165,0.005608504668671133
2018-03-07,-0.009283008798827708,0.005786537230957789,0.012843972608727716
2018-03-08,0.010912818429658078,0.00607284628017446,0.012860613316852065
2018-03-09,0.017180677721120974,0.022344591581589857,0.027855974011402607
2018-03-12,0.009667614911200051,0.002382277620354145,0.004384628938643553
2018-03-13,-0.009630101648796296,-0.024387498318692802,-0.02231694076698587
2018-03-14,-0.008501123357589346,-0.005931758200808601,0.007877885436631038
2018-03-15,0.001176581483280037,0.0035163303783065647,0.0014970982948243616
2018-03-16,-0.0035261399944542804,0.004459902114880565,-0.014070831565927255
2018-03-19,-0.01527926598122864,-0.018076542406726737,-0.030279776780452794
2018-03-20,-0.00034251743015700775,0.0025836801933587505,-0.0038816349375191406
2018-03-21,-0.022654912448913045,-0.006979250511539359,-0.0016425440121737855
2018-03-22,-0.014129324473219906,-0.02908756526868983,-0.037340028534161296
2018-03-23,-0.02315666551456519,-0.029067794707657524,-0.02525763297235628
2018-03-26,0.047472068527776745,0.07570547963498608,0.02682777642824319
2018-03-27,-0.025641460504907787,-0.04595846159474537,-0.04473043953888367
2018-03-28,-0.01104867921585262,-0.0008942082817443575,-0.0017480109543950295
2018-03-29,0.007808773726720286,0.02103141366075456,0.03179532014156394
2018-04-02,-0.006556465328801164,-0.030130440269714787,-0.023632277726884254
2018-04-03,0.010259349861098777,0.013443124644888949,0.005974555726454778
2018-04-04,0.019122361598727045,0.02920533244506318,0.01082769765897651
2018-04-05,0.006934159491988723,0.0005417021548856926,0.0028455250920289554
2018-04-06,-0.0255784617416831,-0.02327345654608215,-0.02197277917018381
2018-04-09,0.00991752382060307,0.005984336719676353,0.010040201539665672
2018-04-10,0.01881822359312668,0.023245931878077553,0.016086672180248396
2018-04-11,-0.004675289095172008,-0.010982307905723854,-0.011037259024151758
2018-04-12,0.0098583577489888,0.01872438514036756,0.011931054668064656
2018-04-13,0.0033881231437646875,-0.005342905137189713,-0.0012050392037299407
2018-04-16,0.006238051763692631,0.011710222897304279,0.009710098664108546
2018-04-17,0.013764317132754167,0.02017618537382515,0.03179417008444796
2018-04-18,-0.0022444530122145423,0.0038517198753540427,-0.0036780085678457253
2018-04-19,-0.02833979166983369,-0.0034218091985404042,0.013074356086767214
2018-04-20,-0.0409722869550595,-0.011549490183939248,-0.011134093392445421
2018-04-23,-0.0028961006432827174,0.0036841298004695044,-0.0032580848157873765
2018-04-24,-0.013919557536767324,-0.023387423276991837,-0.047652678719166675
2018-04-25,0.004357415360599415,-0.008698669285256089,0.0003421635136313661
2018-04-26,0.0034831341856893516,0.021124993660647906,0.01986337947922201
2018-04-27,-0.011569752597787364,0.016549740041015504,-0.011367691655676637
2018-04-30,0.018112478861743497,-0.02400324088015171,-0.012477579883477863
2018-05-01,0.023236033268501544,0.015825300492527727,0.021765575527045833
2018-05-02,0.04417471410851159,-0.015684161325029256,-0.014124342532894962
2018-05-03,0.001812673642738627,0.005988761558600064,0.00024363300267471466
2018-05-04,0.0392333060977057,0.011586982836431892,0.02406697714767536
2018-05-07,0.007235045454821565,0.01113911464637729,0.008049487853471371
2018-05-08,0.0048064653450570205,-0.0042611118498038225,-0.0008211526012318338
2018-05-09,0.007041168937413689,0.011794416179576439,0.028679566542030743
2018-05-10,0.01430382691113996,0.010005985224676772,0.015170714055841916
2018-05-11,-0.003802911672663556,-0.002144830332021841,-0.0018906862318995854
2018-05-14,-0.002333315091170962,0.0033778486360687143,0.0029184048641055504
2018-05-15,-0.009088273114970735,-0.007242991066006899,-0.019636829318213533
2018-05-16,0.009332510350571033,0.0025802022736554076,-0.0007189329964635283
2018-05-17,-0.006323627723251457,-0.00998486388032771,-0.0026105381264021066
2018-05-18,-0.0036365590132969583,0.0018718742651060438,-0.010746673664683404
2018-05-21,0.007084743664814708,0.012867970866344614,0.013434455545347168
2018-05-22,-0.0025047731041533128,-0.0010242591537653611,-0.008025839245882405
2018-05-23,0.006411770347056978,0.011897470074629268,0.009904157504940336
2018-05-24,-0.0011150439583649252,-0.003547676627191243,-0.00046964323652254336
2018-05-25,0.002285631906039809,0.0005084725001123225,-0.001262091924612796
2018-05-29,-0.003606153635656195,-0.00355808161591753,-0.0147684059747345
2018-05-30,-0.002128610944469145,0.0095908318518092,0.008801053927555147
2018-05-31,-0.003360130896140401,-0.0011116193488164283,0.020910042453489375
2018-06-01,0.018033787084068997,0.019728730576192177,0.031818314388968094
2018-06-04,0.008358005915655609,0.008731176517156047,0.015894051826533584
2018-06-05,0.00771497896965645,0.00511441441550331,-0.0017517775713095096
2018-06-06,0.003466196120463172,0.002935800938875799,-0.0035359757930889524
2018-06-07,-0.00268066002513645,-0.015709020477422064,-0.010924684487041758
2018-06-08,-0.009097646657039937,0.0074348117122058355,-0.0015073313854417902
2018-06-11,-0.0024517620341388824,-0.005707113102919714,0.007230379261027764
2018-06-12,0.005490704172901539,0.0025729786171517777,0.006389702852110046
2018-06-13,-0.008217080893649364,-0.0045406036035992026,-0.003448901445176289
2018-06-14,0.000524212415031089,0.005652072728572488,0.013878364322122305
2018-06-15,-0.010272273524754683,-0.012719253820146048,-0.0007240421079708348
2018-06-18,-0.0005297172396189209,0.007290299176507364,0.0209700626958107
2018-06-19,-0.016159598517338503,0.0,-0.004131526395772966
2018-06-20,0.004361819932783284,0.010014030298752585,0.004564366878048176
2018-06-21,-0.005576262823917211,-0.007166018319904044,-0.012355614089525235
2018-06-22,-0.0029116315266609627,-0.007217740782580306,-0.00012830858115320254
2018-06-25,-0.014871273417319752,-0.020117490451983522,-0.025665206189796397
2018-06-26,0.012405620474890577,0.007013162574885046,-0.005845761181459075
2018-06-27,-0.0014635531289109993,-0.01554315723311317,-0.01384403062579087
2018-06-28,0.00727630128444301,0.011174756174234579,0.008809856165305163
2018-06-29,-0.0021025989343389506,-0.00020282877198396498,0.0021387675198054623
2018-07-02,0.011182604751870828,0.014197322150288239,0.01144186721789775
2018-07-03,-0.01741660673917811,-0.009599065936761852,-0.022616060352323997
2018-07-05,0.008047136119328169,0.007168070743645227,0.022404718786249722
2018-07-06,0.013861712017635641,0.014033743294785461,0.012082971445403157
2018-07-09,0.01388547149862207,0.006820802479838406,0.01056193623116286
2018-07-10,-0.0012068115551318037,0.0026512184650022697,-0.00011999820364327896
2018-07-11,-0.012976149084656496,-0.001370877740391796,0.0037014517776858824
2018-07-12,0.016766075933286828,0.021670869131400483,0.02543834206369211
2018-07-13,0.0015702581407808225,0.01190132107604569,0.0026305820562126936
2018-07-16,-0.0021949653855930507,-0.004932172143344071,-0.006567484857856298
2018-07-17,0.0028285960023928247,0.00991323808341349,0.013848575708585553
2018-07-18,-0.005484562328354703,-0.007833909187024868,-0.00014014293440445247
2018-07-19,0.007773091948372501,-0.006849468794439928,-0.011385757343332581
2018-07-20,-0.002293056176430497,0.017911885481948664,-0.0010174646631693207
2018-07-23,0.0008881964969644773,0.015996981881886585,0.010952665527068195
2018-07-24,0.007253956916091209,-0.0028711274188457647,0.03893487923077621
2018-07-25,0.009430245586118602,0.02944468341536166,0.014139746960106336
2018-07-26,-0.0031311559243966114,-0.010917615920394752,0.007492465848186081
2018-07-27,-0.016631549491551767,-0.017697440531932118,-0.02536752209419424
2018-07-30,-0.005602682018769123,-0.021452563642293532,-0.018237831705258167
2018-07-31,0.0020010410678332757,0.006738290596177476,-0.0022926113918239066
2018-08-01,0.05891015501356578,0.001885300111235333,0.004701765981276251
2018-08-02,0.029230726259978912,0.012137700219947645,0.006601678225859553
2018-08-03,0.0028930871111902956,0.004369121836287793,-0.002392961566363261
2018-08-06,0.00519270492142021,0.0008330057091903154,-0.00039573368833656364
2018-08-07,-0.009375069902479827,0.006936163852050203,0.014680747977278807
2018-08-08,0.0006761687952150375,0.0056023192969878455,0.004371604336621759
2018-08-09,0.007864682700584824,0.001644023097278735,0.0024815710702190685
2018-08-10,-0.0029783740153118687,-0.006108972816665781,-0.009450779333143422
2018-08-13,0.006456805016707756,-0.007247864691895312,-0.0030897062674141162
2018-08-14,0.004213114341661273,0.0124758339625064,0.007608334727634336
2018-08-15,0.002336145181171867,-0.013560708997174542,-0.020601946648025504
2018-08-16,0.014649963467197269,-0.00018555896454464094,-0.006622186145487374
2018-08-17,0.019969979867301202,-0.0005575383521791988,-0.006707151102957276
2018-08-20,-0.009743480471789412,-0.0065997510386663905,0.00501704933211955
2018-08-21,-0.001949492351087878,-0.008327805465689786,-0.003715377184398294
2018-08-22,4.648223978631627e-05,0.01019049631361546,0.0035650006922332
2018-08-23,0.00204616966409632,0.004670155588259561,-0.0004829675112001386
2018-08-24,0.0031092231237666024,0.007809751465006398,0.01276648406056169
2018-08-27,0.00823461068613307,0.011070255988518518,0.01578335041715162
2018-08-28,0.00807555451047226,0.006021979700976177,-0.008286465000616805
2018-08-29,0.01492952057636665,0.01596204268791368,0.01508207297215236
2018-08-30,0.00919365689780105,-0.0006250526340941809,-0.008073518792814482
2018-08-31,0.01155386031333605,0.0033947444078930022,-0.01804783882304717
2018-09-04,0.0032070818421476854,-0.00551971785493377,-0.016634228904675363
2018-09-05,-0.006524830880071053,-0.028824468604242703,-0.010079880980064293
2018-09-06,-0.016617472787532783,0.0023045246068948977,-0.012601174398474302
2018-09-07,-0.008068278560032782,-0.004874326065321677,-0.005405387184477473
2018-09-10,-0.013420667592815905,0.010812393301975254,-0.002148486739005917
2018-09-11,0.025282892185391592,0.01700486468261908,0.012705742313092516
2018-09-12,-0.012418949148943148,0.004225067038909014,-0.015453883826400339
2018-09-13,0.024155376340920354,0.010742314770496586,0.00899622452840676
2018-09-14,-0.01135120644230847,0.004073892956485858,-0.003519113600456647
2018-09-17,-0.026626060911504434,-0.010849413256521334,-0.015407703376055126
2018-09-18,0.0016521386639980484,0.009541864603473726,0.006276811129540816
2018-09-19,0.0005955561263051301,-0.01333809665609409,0.006134740973620989
2018-09-20,0.007601846596930084,0.01674116943804904,0.014732640009558429
2018-09-21,-0.010771276100424165,0.006075614756027248,-0.016323051834076008
2018-09-24,0.014380385353720548,0.0035883009433244073,0.006347459359588692
2018-09-25,0.00634087730741939,-0.0019185037976170438,0.01214863489469864
2018-09-26,-0.007966218212497322,-0.004106636209744607,0.00014233122997264758
2018-09-27,0.020551694884917815,0.003772600646537283,0.011138501295743453
2018-09-28,0.003511682593671628,-0.0003497218024760551,-0.00023190224811686644
2018-10-01,0.0067336119635887925,0.01084210048625689,0.0012012372514786929
2018-10-02,0.008888422818495334,-0.003979032046984354,-0.0007364405331889978
2018-10-03,0.012168708662395167,0.00017363089558397604,0.003221219423869215
2018-10-04,-0.01758102306761855,-0.0206647959355033,-0.02844334574292795
2018-10-05,-0.01622880455449427,-0.005851733745608101,-0.007850096605288015
2018-10-08,-0.0023183962355400878,-0.011415304950938232,-0.010198395383933967
2018-10-09,0.013853508124840541,0.012719867338806923,-0.009299925348016824
2018-10-10,-0.046326113272713965,-0.054338190154224364,-0.04628997079117181
2018-10-11,-0.008827953542278055,-0.0023548738100811484,-0.0013003678191291224
2018-10-12,0.03571939206009267,0.03455759538873515,0.027321044722388832
2018-10-15,-0.021385812702412466,-0.017979501027212796,-0.016152994496281492
2018-10-16,0.022037178659133794,0.03159863847550515,0.027792867840913837
2018-10-17,-0.004321358054296565,-0.0026125848275841967,-0.004845231991644994
2018-10-18,-0.023373389303827374,-0.01996208404063038,-0.026321455144244887
2018-10-19,0.015229822081434419,0.0014744830716120205,0.006621582766603851
2018-10-22,0.006109985602873902,0.00892692520550531,0.0056009056452615
2018-10-23,0.009426787794110547,-0.0139559597182487,0.0031852665177127815
2018-10-24,-0.03430147517454385,-0.053468956682109714,-0.05183382061278119
2018-10-25,0.02189775404796368,0.0584439697711332,0.043959100519266325
2018-10-26,-0.015923702159309272,-0.012372845838183877,-0.01797772141524767
2018-10-29,-0.01877032617422081,-0.02907651655854593,-0.04523179627774132
2018-10-30,0.004994315228886936,-0.001155143014956228,0.014283806918487185
2018-10-31,0.02606670580826287,0.029692242079830455,0.039132586736061015
2018-11-01,0.015352189359626678,-0.008332636151894612,-0.004217891579221145
2018-11-02,-0.0663306684743672,0.002265983345550282,-0.013342781151207572
2018-11-05,-0.02838809227347938,0.012716579936681072,-0.014708562181261597
2018-11-06,0.010813669392617076,0.00195344048424384,0.013109471792022376
2018-11-07,0.030328832990474508,0.03936105101187293,0.036154590020933686
2018-11-08,-0.0034895507511489843,-0.001875579923160453,-0.012280561056736472
2018-11-09,-0.019281320586039152,-0.01950772023282432,-0.01608757424712004
2018-11-12,-0.05037412370498573,-0.024641860828157558,-0.025682056588391622
2018-11-13,-0.00999124035529797,0.0006551735381363777,-0.0013247343601145989
2018-11-14,-0.028247440097609267,-0.014181095784475128,0.0063074998262422355
2018-11-15,0.024679070241142798,0.022006247932714773,0.015617619732367416
2018-11-16,0.011075771448765481,0.009414593160951279,-0.0025955989974757454
2018-11-19,-0.03963265083210865,-0.03389034373569644,-0.03823938894801859
2018-11-20,-0.04777743858543526,-0.02781489409293969,0.002949205520831555
2018-11-21,-0.0011303447062732674,0.013764537766937313,0.012596348104797706
2018-11-23,-0.02539875880106579,-0.00038811291698104267,-0.012775147055015923
2018-11-26,0.013523379888530362,0.03298734907089895,0.025084949335884454
2018-11-27,-0.002175599681588203,0.006292702155174634,-0.003466152479890461
2018-11-28,0.03845254911194873,0.0371477332529222,0.03754710263927952
2018-11-29,-0.007682071049111894,-0.008369271997720307,0.002555501238031832
2018-11-30,-0.005402525763072319,0.006352809136246584,0.013767700813737793
2018-12-03,0.03494241308606405,0.010821289242826992,0.006047021600122271
2018-12-04,-0.04398884608712783,-0.031849269711779704,-0.04827295364040263
2018-12-06,-0.01114943520501055,0.006174129038083898,0.014692205857897989
2018-12-07,-0.03565700075377842,-0.04002220888676955,-0.0292187234139496
2018-12-10,0.00658804104459354,0.02642632963234015,0.006306343238349443
2018-12-11,-0.005719477894278846,0.009294497857857964,0.008042372415690835
2018-12-12,0.0027870636108238145,0.004512489505403394,0.011378510143972509
2018-12-13,0.010940271664362067,0.0033919023861535003,-0.00017698743089022972
2018-12-14,-0.031997807952262036,-0.0312470976867687,-0.020334708445953975
2018-12-17,-0.009305865702154414,-0.02961445601241175,-0.02477852688707527
2018-12-18,0.012992597400034889,0.010496798940685448,0.017315688832445497
2018-12-19,-0.03119171412145272,-0.0026931463021639956,-0.0076191731586194855
2018-12-20,-0.025235008669961867,-0.021024085683681304,-0.011473143977968836
2018-12-21,-0.038895248726492304,-0.032311762994293836,-0.03158525544518165
2018-12-24,-0.025874075426911336,-0.041738984272854274,-0.006637989026141322
2018-12-26,0.07042134931335475,0.06830958742106885,0.0641634642381057
2018-12-27,-0.006489506299888093,0.0061655108741034415,0.004819483611060216
2018-12-28,0.0005120621768395228,-0.007807931235917054,-0.005907438371728024
2018-12-31,0.009665364940227184,0.011754243695414779,-0.001643365550464737
2019-01-02,0.0011407042904836295,-0.004430372000048921,0.009301830567761904
2019-01-03,-0.09960714068776588,-0.036787952846428884,-0.027695759339052772
2019-01-04,0.04268920635077955,0.04650900100476485,0.05129366572289351
2019-01-07,-0.0022257326712086245,0.0012755510793596159,-0.0019942704947566448
2019-01-08,0.019063122160410062,0.007250734312799212,0.008783136412329418
2019-01-09,0.016981772259688332,0.014299541040931674,-0.0034274660179214322
2019-01-10,0.0031960355245976846,-0.006425783555876086,-0.002607060784302284
2019-01-11,-0.009817763811403979,-0.007721781813781026,-0.013310765735773389
2019-01-14,-0.015036914823028602,-0.007295919718324884,-0.012175028947563282
2019-01-15,0.020466474276570112,0.029005463824744115,0.03328545807440442
2019-01-16,0.012216537076093159,0.0035235214167130824,0.0027611921953087926
2019-01-17,0.005938063553775796,0.00702229961035461,0.008820530074337363
2019-01-18,0.006158953461849137,0.014982799061228125,0.007442197207891077
2019-01-22,-0.022445819564011704,-0.01884673324774011,-0.025891798741228156
2019-01-23,0.004044271268594413,0.009746428772436477,0.005358722912064406
2019-01-24,-0.007926117786842157,-0.0047793084915895845,-0.0003781625729606386
2019-01-25,0.03313675568540719,0.009133590127168745,0.016153147863267048
2019-01-28,-0.009254511814325461,-0.01950184782879827,-0.019654826904799694
2019-01-29,-0.010364611797338052,-0.020365297128498105,-0.009075194314875912
2019-01-30,0.06833448355901983,0.033417522563316204,0.02610129181314691
2019-01-31,0.007201171817271312,-0.01833052895733045,0.025410082555454183
2019-02-01,0.0004808856146503171,-0.015800119124918188,-0.006457163670304689
2019-02-04,0.028405063817027454,0.02879937221870099,0.02038221787309369
2019-02-05,0.01710915982485739,0.013996554594946753,0.009155352113746185
2019-02-06,0.00034477537057142627,-0.011098552034930265,-0.02515901081731986
2019-02-07,-0.018939290542431486,-0.007167771543566848,-0.01512179974536243
2019-02-08,0.0011745936278904079,0.0037997186199796307,-0.0031919704450728004
2019-02-11,-0.005750702638041338,-0.0039747290586604755,-0.0002358146553900209
2019-02-12,0.008617266663849543,0.015582140621031249,0.023100941336199998
2019-02-13,-0.004155091181063941,-0.0007483957382872219,0.0009311628345141099
2019-02-14,0.003643308284710489,0.0008426043137446104,0.0005049987120016031
2019-02-15,-0.002225027975061189,0.012347944320006521,-0.008474951833193356
2019-02-19,0.0029930312001140713,-0.00046221469917828717,0.006144891524224372
2019-02-20,0.006435292902706724,-0.005198939629651567,-0.005255234130208786
2019-02-21,-0.005638522777663302,0.021091706486084938,-0.014617299969301834
2019-02-22,0.011165836862614631,0.014258447439958966,0.011184544073609581
2019-02-25,0.0072842232657068795,0.005587065900152455,0.0006896609559925437
2019-02-26,0.0005740209222937498,0.006900293556852288,0.0041884188097331965
2019-02-27,0.0030974041826619114,-0.0016910004972260362,0.0007844728015111713
2019-02-28,-0.009835804571823092,-0.0012482362036538852,0.0032593532707645423
2019-03-01,0.010511294122565795,0.00446322786006359,0.01950198829695382
2019-03-04,0.005029600358703812,-0.002399328849409299,0.004266467506042426
2019-03-05,-0.0018199988411347068,-0.004988437215804331,0.013672296609391177
2019-03-06,-0.005753928203577785,0.00044772098717671405,-0.003634961936060832
2019-03-07,-0.011574820466568991,-0.012170157173065577,-0.012095144614527542
2019-03-08,0.002376885722296329,0.001087105979053593,-0.0007645473574865447
2019-03-11,0.034642486616591306,0.020993460725549307,0.025470217003517703
2019-03-12,0.011235191925058396,0.007001869397731841,0.015255277536422973
2019-03-13,0.004422251508811703,0.007744979179684863,0.0015117595042053456
2019-03-14,0.011116469940302798,0.000785992418066872,-0.005445948132656864
2019-03-15,0.013008190621896842,0.011519447019094464,-0.0018698579389381242
2019-03-18,0.010208458900016648,0.01432135925345901,-0.0014702913391122507
2019-03-19,-0.007924697311283424,0.0006804088095977434,0.01170338626844436
2019-03-20,0.008738739439571486,-0.001104955505717431,0.019934161932489092
2019-03-21,0.0368300192008133,0.022974927692586355,0.00790914156006628
2019-03-22,-0.02070837368332601,-0.026368348451956347,-0.023039669461820567
2019-03-25,-0.012090884954725545,0.005211484967340807,-0.008504154394041952
2019-03-26,-0.010331694799251778,0.00212472824582699,-0.0062970106025767025
2019-03-27,0.008993859794471648,-0.00966843255877503,-0.009942462176095734
2019-03-28,0.0013264567630766333,0.0013702792283449838,-0.004872766578068788
2019-03-29,0.00651771133005985,0.008637635915792474,0.003941120272030529
2019-04-01,0.00679131457184412,0.009157216025766024,0.018769746854834235
2019-04-02,0.014537102521817724,0.0014281943331364566,0.005471276852754059
2019-04-03,0.006854395965652849,0.006544276932918924,0.004371603277304903
2019-04-04,0.0017406854554036233,-0.005084505601278488,0.00713571370480337
2019-04-05,0.006694292145056346,0.004440149493573964,-0.006560366982270249
2019-04-08,0.0157360940231821,0.0003338573010076562,-0.002616627983113351
2019-04-09,-0.002998770401336892,-0.005419946696458955,-0.004626445919182931
2019-04-10,0.00561417912732276,0.007628922916255387,0.003126308039459902
2019-04-11,-0.008324259767519049,0.0011648098575645083,0.0026026613804646104
2019-04-12,-0.0004021900683899293,0.005152672576977713,0.01086319444871875
2019-04-15,0.001810503324735091,0.0008268935953643641,0.003107772802788622
2019-04-16,0.00010036616843756008,-0.002313335668280625,0.004386399377292349
2019-04-17,0.019473004050096776,0.00828032347902763,0.00668067234744063
2019-04-18,0.0035938154127039823,0.013139610151875702,0.0010724811993965133
2019-04-22,0.0032865296633999286,0.0031611736184153916,0.00989954490791689
2019-04-23,0.014423121526805138,0.013574577803544763,0.013423555040107837
2019-04-24,-0.0015422360324346407,-0.003427965635976471,-0.00829528095314691
2019-04-25,-0.009075122618068976,0.033117547576099415,0.00578543275287946
2019-04-26,-0.004773933753105197,0.005729663837544141,0.007953671241270666
2019-04-29,0.0015174596841354138,-0.0009237774011656708,0.014701522785179222
2019-04-30,-0.019256067266205323,0.006395856653054421,-0.07501917899455413
2019-05-01,0.04908531941172023,-0.020827061935074664,-0.021385319195735275
2019-05-02,-0.0065075910407556,-0.013058972586597162,-0.005804049738942663
2019-05-03,0.012431193748204006,0.021313528422813866,0.019751187762973688
2019-05-06,-0.015442778297922954,-0.005818360859769611,0.0032869815426024296
2019-05-07,-0.026956848299799496,-0.020522903638497736,-0.012233256259846725
2019-05-08,0.00019690459685373085,-7.960786262684039e-05,-0.006854026374270572
2019-05-09,-0.01074415913612281,-7.954973560353462e-05,-0.0024002624856883648
2019-05-10,-0.013853456341350712,0.01298781760695622,-0.00028250274962116073
2019-05-13,-0.058119247201349866,-0.029733214812204922,-0.026592079063700536
2019-05-14,0.0158302524133469,0.011187808475308314,-0.010320419753253152
2019-05-15,0.011979180831020564,0.014081947951554152,0.04084070626181946
2019-05-16,-0.004399704972412932,0.02309167540726209,0.01170132677576019
2019-05-17,-0.005681940684590603,-0.006670070029451747,-0.013271369690805779
2019-05-20,-0.031269734892474976,-0.01444549685711305,-0.020636842207221395
2019-05-21,0.0191707925988982,0.0053874093710715165,0.008543940211260148
2019-05-22,-0.02047134087189073,0.00606797326846964,0.001221306607926964
2019-05-23,-0.017069864088706033,-0.011670836679256502,-0.009092848048538715
2019-05-24,-0.003840552782137352,0.0004754407873381883,-0.0058759462008993735
2019-05-28,-0.004134761668968201,-0.0006334495189582734,0.000834377147368448
2019-05-29,-0.004769023220089763,-0.009670253696958508,-0.0172171605041046
2019-05-30,0.005186437639302266,0.00632304412497775,0.0013125895796299858
2019-05-31,-0.018115442033231455,-0.016305098735829304,-0.013295809798137936
2019-06-03,-0.010110519614945135,-0.031047705255759173,-0.06123813048172411
2019-06-04,0.03658400214116275,0.027703695512202087,0.0151626231379407
2019-06-05,0.016143297117628297,0.021678980828184757,-0.009341063339770916
2019-06-06,0.014681870045535561,0.01581506045225889,0.0029868462825177744
2019-06-07,0.02661706849050738,0.028007940571718848,0.019670391090098827
2019-06-10,0.012779410462511187,0.009132603015473695,0.013469175725009164
2019-06-11,0.011579532650006108,-0.003770748050854089,-0.001588604972189711
2019-06-12,-0.0031824578163299755,-0.004617741985680324,-0.0017944704750145757
2019-06-13,-0.00020621548692212333,0.006312149949134316,0.011036895629054966
2019-06-14,-0.007262393173931292,0.000982422939106442,-0.004317109554912157
2019-06-17,0.005966725977621268,0.003020088377540864,0.00698712146026681
2019-06-18,0.023518397101667032,0.01738818915979934,0.010375685149687452
2019-06-19,-0.0029226161084149327,0.003921015715016907,-0.0006605446382205171
2019-06-20,0.008035645906242284,0.00928604374898856,0.007867844888437281
2019-06-21,-0.003409296157537711,0.00014621328775055176,0.010932539066943914
2019-06-24,-0.0010059905542848524,0.005913356926495084,-0.0077042717432854735
2019-06-25,-0.015157607780540538,-0.03157196650565419,-0.02607681845302301
2019-06-26,0.021628899980368654,0.0037472321683553744,-0.006675443335265818
2019-06-27,-0.0003002008149466384,0.0016429277965253064,-0.0034155674025737603
2019-06-28,-0.009111794842105114,-0.0014163354372654924,0.005730823868041357
2019-07-01,0.018340684251352046,0.012839475921484489,0.015884755355629165
2019-07-02,0.005854709389302881,0.006632985834634342,0.011454604343884123
2019-07-03,0.00828672291649779,0.006443496113079483,0.009338421494891058
2019-07-05,-0.0008805245318284083,-0.0029101319083085775,0.008619893074560236
2019-07-08,-0.02061407926415959,-0.0007294211141828377,-0.014019937895160095
2019-07-09,0.006099460637890575,-0.003650827227726805,0.006715679115645523
2019-07-10,0.009888623339260105,0.01018626196191974,0.014782663249602646
2019-07-11,-0.007282295543755035,0.003989818326077366,0.0027784082675894606
2019-07-12,0.0076828541732392175,0.003612725348301371,0.0011012802852916614
2019-07-15,0.00939486376193499,0.0,0.004513927537122431
2019-07-16,-0.0034596012177573465,-0.01310282957558162,0.0025641653407326714
2019-07-17,-0.005623756033026228,-0.005908846863365569,-0.005825930731609974
2019-07-18,0.01135978834118978,0.001100415095835361,0.0004359831322584551
2019-07-19,-0.014927829732543696,0.0014661588646829316,-0.013676304447464926
2019-07-22,0.022854365888611117,0.013248332659111961,0.00676936692741581
2019-07-23,0.007817716769836114,0.006212732514519148,0.0077598388555717435
2019-07-24,-0.0008141562172890859,0.010266237417504653,-0.007247019189448478
2019-07-25,-0.007907190950508736,-0.003766493230394352,-0.003325339633475921
2019-07-26,0.003478077118796552,0.008203300065563468,0.09620221468164925
2019-07-29,0.009338508904768617,-0.0021936333416754383,-0.00271436607120068
2019-07-30,-0.004292120556944612,-0.004821261564585955,-0.011144741090362897
2019-07-31,0.02040426130540718,-0.029070009875560077,-0.007980531617932995
2019-08-01,-0.021639287840084842,0.013135650621460604,-0.005269972278225787
2019-08-02,-0.021158031578910497,-0.008402260299223752,-0.012758137247357304
2019-08-05,-0.05234789763495806,-0.03425855047613213,-0.03474816232194611
2019-08-06,0.018930434905489513,0.01875777626051489,0.014141551638557459
2019-08-07,0.01035528448407863,0.004380519114736803,0.0041243742984040654
2019-08-08,0.022055795013137258,0.02668535526228122,0.025750339305484093
2019-08-09,-0.008240172327591444,-0.00849599002643131,-0.014334425904883985
2019-08-12,-0.0025374685827943555,-0.01394262114768241,-0.012112070495957084
2019-08-13,0.0423478957948733,0.02069412514379665,0.018927137431465235
2019-08-14,-0.029764754400395388,-0.03011434626185172,-0.027140442575825707
2019-08-15,-0.004981479355368079,-0.0022389340045178008,0.004354646308594168
2019-08-16,0.023594684732497706,0.018327360523875402,0.008457946007851103
2019-08-19,0.018643950381296293,0.01674870846434806,0.018003515881509724
2019-08-20,4.754479648916288e-05,-0.008309080954417625,-0.014086475555133537
2019-08-21,0.010838720296352466,0.011146898911580161,0.006801625702872904
2019-08-22,-0.000846589700629008,-0.007277098200650811,-5.030541700457025e-05
2019-08-23,-0.04622061294797741,-0.031862245433489034,-0.031841710197105355
2019-08-26,0.018999484987120674,0.015443585677748839,0.015256888810113445
2019-08-27,-0.011283716981549952,0.0021406079521142374,-0.00030741757116525825
2019-08-28,0.00671019420591179,-0.0013260845760690865,0.0025025756023526746
2019-08-29,0.016931913863544423,0.018884517395995726,0.01745690472547312
2019-08-30,-0.0012917879626439532,-0.0018822558730187122,-0.0031065900094255916
2019-09-03,-0.01456365512575708,-0.013201920236922127,-0.017622487281684363
2019-09-04,0.01696646303115834,0.011688034647382883,0.010876067067778772
2019-09-05,0.01955168394628992,0.017583092957119018,0.025307215044948483
2019-09-06,-9.378325354580941e-05,-0.006782973975767215,-0.004842438094133428
2019-09-09,0.0042671672471039646,-0.01135894206083543,-0.0008703830964477133
2019-09-10,0.01181295080015854,-0.010471128329687107,0.0003566712390972171
2019-09-11,0.031795003463924054,0.0002936736184380173,0.01186035796489926
2019-09-12,-0.0022361871070606387,0.010285238987462364,0.012270489411626784
2019-09-13,-0.019454011728912257,-0.001454044244589281,0.004097200465939643
2019-09-16,0.0052570420933026885,-0.007209661404989909,-0.006774023337464796
2019-09-17,0.0036381106119187656,0.00777521076672083,-0.0014208280049686772
2019-09-18,0.009379297586969981,0.008224573511285138,0.002252221189962933
2019-09-19,-0.008124756572342573,0.018408826473853335,0.004948671165013296
2019-09-20,-0.014618410918861513,-0.011554116687295113,-0.0071926773577877245
2019-09-23,0.0045470290413016645,-0.002151494977866819,0.003943543485071421
2019-09-24,-0.004754784466146189,-0.012649126338474703,-0.013250325576480204
2019-09-25,0.015389499429264708,0.014412325042154617,0.022662273822337653
2019-09-26,-0.005157995609134991,0.0012912924754973076,-0.0029295722382235434
2019-09-27,-0.004866004250269285,-0.012970547236525465,-0.013153076531995045
2019-09-30,0.023535551918162367,0.009438624614555469,-0.003923564154634462
2019-10-01,0.0027680229722519822,-0.014097733389689115,-0.012398190204512716
2019-10-02,-0.025067499964770423,-0.01765545805224855,-0.023283580835722018
2019-10-03,0.008494505279281084,0.012105543821025577,0.009771429833641765
2019-10-04,0.02803187590634737,0.013501544034156154,0.01810112888462423
2019-10-07,0.00022041707623099427,-0.0072399199724229035,-0.002237909511486169
2019-10-08,-0.011715352750247043,-0.01057491668527999,-0.014996860064582451
2019-10-09,0.011720172774156934,0.018943116287007955,0.01030969653835645
2019-10-10,0.013478483552281206,0.006221430767505032,0.005880005803599042
2019-10-11,0.0265983914212804,0.00416933902368255,0.005159263162209937
2019-10-14,-0.0014394137835627152,-0.0009305594860927746,0.0016944916206316218
2019-10-15,-0.0023317015336161706,0.014475047645059913,0.020094099486594352
2019-10-16,-0.0040372090858857845,-0.00819376089641144,0.0006117927343589624
2019-10-17,0.0038826159557123763,-0.005127688085134752,0.007884102385891323
2019-10-18,0.004802820958671461,-0.016321868301192533,-0.00669694904172724
2019-10-21,0.017342896497657856,0.007422800246276839,-0.00010448087898151659
2019-10-22,-0.002286586017789305,-0.01488108296971613,-0.002475295924900145
2019-10-23,0.013418722164131092,0.006379680419747125,0.013237222871849363
2019-10-24,0.0016449791532291425,0.019673509684251078,0.0011768771110585163
2019-10-25,0.012316075331292975,0.005645093968733361,0.004121847565946579
2019-10-28,0.010016926980384921,0.02458631076655604,0.01952067066841323
2019-10-29,-0.023127832658017322,-0.009431770223827574,-0.02197086160351336
2019-10-30,-0.00012299733380027877,0.012461952905135742,3.1719523915008097e-05
2019-10-31,0.022609248533705717,-0.008574658936543189,-0.0015071470770016138
2019-11-01,0.028380943111586898,0.002441086101746981,0.010684849319979595
2019-11-04,0.0065671239992890484,0.005775355605600163,0.013645087523562305
2019-11-05,-0.001436920587368773,-0.0006228536256184247,0.0014189634508297022
2019-11-06,0.0004277823825293847,-0.002768826563471549,-0.00033293221400276796
2019-11-07,0.011541186944996618,0.0013884802098067528,0.01233924071643866
2019-11-08,0.0027369512254675765,0.011784269506728062,0.0015762088770392424
2019-11-11,0.00791886021783439,0.00102769424054161,-0.008189368069497327
2019-11-12,-0.0009156357515897051,0.006570380706618195,-0.0008243390478600565
2019-11-13,0.009581881585563723,0.0016320097232247477,-0.0007938975090030498
2019-11-14,-0.0069195528014101,0.005090725278637853,0.010006271906076725
2019-11-15,0.011878999270797053,0.012900519582705883,0.018630598099524498
2019-11-18,0.0050421824325648235,0.0024674830965247807,-0.010273628851387828
2019-11-19,-0.0030320815158092485,0.00033229938239776047,-0.005493050413130196
2019-11-20,-0.011641640042724721,-0.0017346697823408253,-0.008174688369315675
2019-11-21,-0.004483508705085293,-0.0009355772488077729,-0.001321069693854704
2019-11-22,-0.0008777619665143455,0.0007358995791155731,-0.004976385516450077
2019-11-25,0.017533476559281835,0.010963039058998092,0.009252753999245078
2019-11-26,-0.007808401103240548,0.005289921701110867,0.005636970891757409
2019-11-27,0.01343221230882774,0.001907538976617884,-0.0006627635826784717
2019-11-29,-0.002202805614244463,-0.006170955495630404,-0.006127346465667816
2019-12-02,-0.011561982854379371,-0.01208901322127054,-0.011678490331330615
2019-12-03,-0.017830430657398977,-0.0016048576418348226,0.004562118776349378
2019-12-04,0.008826344900675354,0.0036168681066925945,0.018690936156838367
2019-12-05,0.014671161531903731,0.0005334896184330251,0.00608069528508981
2019-12-06,0.019315895898162738,0.012138962322091329,0.009367204961385323
2019-12-09,-0.013999760817361206,-0.0025697828321917804,0.0026877555155604416
2019-12-10,0.005844231149112478,-0.0015196454083125088,-7.429464662489504e-05
2019-12-11,0.008529539940304698,0.0037714640299479907,0.001012768426498445
2019-12-12,0.002548268163533818,0.010151934343216817,0.0031539912834734896
2019-12-13,0.013593298794174924,0.008418066655846879,-0.0012012824911454834
2019-12-16,0.017117794037843304,0.006471219478324963,0.010268485250834125
2019-12-17,0.001965566672431862,-0.005400981204680133,-0.004270151256898003
2019-12-18,-0.0023897695313330747,-0.002068743830545783,-0.00219940676177377
2019-12-19,0.0010009707408378254,0.008680842641040964,0.0033510622957177993
2019-12-20,-0.0020711567421674015,0.010917414784318069,-0.003848438494977291
2019-12-23,0.016318408724229627,0.0,-0.00043680454922001566
2019-12-24,0.0009507353116005035,-0.00019065383175032036,-0.004590327296507546
2019-12-26,0.019840472134460718,0.008196930661323432,0.013418311481754985
2019-12-27,-0.00037963795295470337,0.001827813323638905,-0.005746941251386306
2019-12-30,0.005935184647829939,-0.00861867129606686,-0.011021385876213374
2019-12-31,0.007306421028100862,0.0006980283873685433,-0.00023889781143249245
2020-01-02,0.022816340675193114,0.01851607569599545,0.02186821242024517
2020-01-03,-0.009721954762270224,-0.012451420913661249,-0.005231313816359218
2020-01-06,0.007967944052739151,0.002584378994868519,0.02665411301421483
2020-01-07,-0.004702916264872181,-0.009117775836282815,-0.0019316772669150106
2020-01-08,0.016086175319832252,0.015928437833208076,0.0071177971776597015
2020-01-09,0.021240953770288895,0.012492943909494736,0.010497886198189477
2020-01-10,0.0022608557764585147,-0.004626850910792402,0.006458675365015543
2020-01-13,0.021364453172145748,0.01202423089826632,0.007746909094346721
2020-01-14,-0.01350349234944459,-0.007042745987325683,-0.00655529473616101
2020-01-15,-0.004285462718664257,0.006475851519852638,0.006018376494413946
2020-01-16,0.012526187438360425,0.01832352009433902,0.007615421634111552
2020-01-17,0.011071280823082619,0.005596767879559872,0.020245869848901865
2020-01-21,-0.006777018230778031,-0.0035909997872426436,0.0018453314287250056
2020-01-22,0.0035695650028730874,-0.004804870659183669,0.001092773599617125
2020-01-23,0.004815657531524131,0.0061558941659771715,0.000552721374324161
2020-01-24,-0.0028820113052495655,-0.010076950718631572,-0.012474077388700544
2020-01-27,-0.02940491305482218,-0.016723332273410385,-0.023489730519311913
2020-01-28,0.028289038205792316,0.019596121117481102,0.013110042963218271
2020-01-29,0.02093277293563589,0.015592706549838908,0.0042743789345398575
2020-01-30,-0.0014493851981950412,0.028207736997806432,-0.0016819259923057661
2020-01-31,-0.04433871076641793,-0.014758597588436673,-0.014763523017008562
2020-02-03,-0.0027463965460589046,0.024378757630973524,0.03477146557024624
2020-02-04,0.03301378441887759,0.03291657682074378,-0.025084273426293824
2020-02-05,0.008154498452822567,-0.0012214333909374986,0.0004427491568490538
2020-02-06,0.011696677376784148,0.02073367971362594,0.020690981722944812
2020-02-07,-0.013592610190416465,0.0014161105379013605,0.0021273493404021515
2020-02-10,0.0047497038750903275,0.02615690502807788,0.01997819153280611
2020-02-11,-0.006033419794500117,-0.02257559122456665,0.000927941005743671
2020-02-12,0.023747913912137708,0.0014640711283993024,0.005675421514229839
2020-02-13,-0.007121163492169735,-0.005413964308497721,-0.003450565147927409
2020-02-14,0.00024612236157306455,0.008927076278784307,0.003528442214113525
2020-02-18,-0.01831038855483258,0.010142798205464487,0.00046766605227599456
2020-02-19,0.014482515047220534,0.002999294012069331,0.0035735937757459535
2020-02-20,-0.01025878570972083,-0.015271329411271073,-0.0051677039992300555
2020-02-21,-0.02263512301601145,-0.03161264370652972,-0.022103163002554882
2020-02-24,-0.04750032304012686,-0.04311549233654677,-0.04287253274845737
2020-02-25,-0.03387201767189807,-0.01650179790561468,-0.02362200978818707
2020-02-26,0.015863415437971096,0.012494898397942489,0.0029935034276638017
2020-02-27,-0.06536827721874683,-0.07045909361926217,-0.05431264440550887
2020-02-28,-0.0005847728420489418,0.024212685378561805,0.018479898102805592
2020-03-02,0.0931007674898543,0.06653935591022542,0.03514654278684892
2020-03-03,-0.031759350913189155,-0.04791927237476801,-0.03505693137497201
2020-03-04,0.04638451592855053,0.036714809448789465,0.03280201528076332
2020-03-05,-0.03243701044080993,-0.025094911123184738,-0.048378563173450684
2020-03-06,-0.013279999260622177,-0.028267350408238356,-0.01446647559545522
2020-03-09,-0.07909210090802765,-0.06777265740148852,-0.06170228469194561
2020-03-10,0.07202152575153198,0.06838427369741673,0.04884069739525665
2020-03-11,-0.03473042516439995,-0.0453019771213905,-0.050401200365926435
2020-03-12,-0.09875466325527993,-0.09483839130532867,-0.08204634526149901
2020-03-13,0.11980802653996947,0.14216850118229707,0.09241149219759204
2020-03-16,-0.12864681428193014,-0.1473900746830623,-0.11634148393409005
2020-03-17,0.043970097588725165,0.08233630547858684,0.0419943746082847
2020-03-18,-0.02447997490210141,-0.04209595314073489,-0.024032641391788512
2020-03-19,-0.007661970529645679,0.016453107999506278,0.018768488633576608
2020-03-20,-0.06348569356226375,-0.03755836390157019,-0.03909440586091595
2020-03-23,-0.02124409013825257,-0.009974844578003128,-0.013180917175536377
2020-03-24,0.10032543625511825,0.09089573377835469,0.07198352623569426
2020-03-25,-0.005508710143855677,-0.009572722231176223,-0.025123670716393542
2020-03-26,0.052622917662339175,0.06255102940391577,0.055645435649912756
2020-03-27,-0.041402269859443064,-0.04106086457989544,-0.04528267218664295
2020-03-30,0.028537913891906408,0.07034080726769876,0.03246989902419828
2020-03-31,-0.0020408946110808124,-0.0157272852770749,0.013643678196321174
2020-04-01,-0.05261693548112556,-0.03550827055928385,-0.05150816279551351
2020-04-02,0.01668680818585666,0.020708766312443894,0.013546944087282187
2020-04-03,-0.01437164282681569,-0.009210454987630068,-0.02178110647270559
2020-04-06,0.08723754416263052,0.07436798570102776,0.08281331555505989
2020-04-07,-0.01158240056081794,-0.010770331652386611,-0.0005325037458190351
2020-04-08,0.025595084144087066,0.010031474433616516,0.020667077934363176
2020-04-09,0.007216121367892292,6.035066638654385e-05,-0.000356350815041262
2020-04-13,0.01962745287365064,0.0022404799909478967,0.003182728864629558
2020-04-14,0.0505030373479165,0.049483362638495176,0.0452904301231678
2020-04-15,-0.009127337928311774,-0.010477855452136864,-0.006267668214015143
2020-04-16,0.007945838937665428,0.030020859085075235,0.00010334868037831235
2020-04-17,-0.013568802317722839,0.008811663149097981,0.017154108088374587
2020-04-20,-0.020756506187190715,-0.01982099953965788,-0.013956351498835562
2020-04-21,-0.030910274347256128,-0.04135693387572492,-0.03884540018566662
2020-04-22,0.02880338157864948,0.033964969366681697,0.038155089251104224
2020-04-23,-0.0038755849662601705,-0.01210263465669792,0.010139668445180217
2020-04-24,0.02886945159522125,0.018259429689326145,0.00427172800632758
2020-04-27,0.0007069720459582651,-0.0028643844002766983,-0.0044963298340234825
2020-04-28,-0.016209182587312743,-0.02436123457562711,-0.030113457379681963
2020-04-29,0.03284492259356275,0.04487387000848897,0.08891017087093056
2020-04-30,0.021096357200693916,0.010032108796903083,0.0033678074117839962
2020-05-01,-0.016099406444412656,-0.02589121181707954,-0.021816302938134413
2020-05-04,0.014148703775093141,0.024460023061753322,0.00423586364553219
2020-05-05,0.015008893725748873,0.010735830347090136,0.01974432332428888
2020-05-06,0.010317249825152475,0.00984729422500119,-0.0026610591666353933
2020-05-07,0.010344770175380269,0.00580680665879818,0.017726727366739192
2020-05-08,0.023801938389252264,0.005882537147509748,0.010998500484741713
2020-05-11,0.015735592165488255,0.011154488283407149,0.013905464706583492
2020-05-12,-0.011428510492537236,-0.022651963327803615,-0.02024086671860026
2020-05-13,-0.012074076433865932,-0.015122318701280557,-0.019524812438299843
2020-05-14,0.006143271362156977,0.004339228552369123,0.006326351338428182
2020-05-15,-0.00591214562953879,0.014568154486345186,0.011939400213025753
2020-05-18,0.023561301530973466,0.009554510568504648,0.008826987533931518
2020-05-19,-0.00577840973371635,-0.006922387689986098,-0.007782311592337443
2020-05-20,0.019448137797920984,0.013870921899213684,0.025290914652935648
2020-05-21,-0.007455383401664628,-0.012011400459363886,-0.0017102368569114068
2020-05-22,0.006438215602244446,0.0004363830978215688,0.004613547220932546
2020-05-26,-0.006773401318391881,-0.010571816064130268,0.005752723998394549
2020-05-27,0.004356943023028137,0.00132203382694418,-0.0007668832572785833
2020-05-28,0.00044025860480556567,-0.002255142221826656,-0.0014363752244404004
2020-05-29,-0.0009742390902682807,0.010198206417871836,0.010774023242571484
2020-06-01,0.01229798842056673,-0.0022920014347170836,0.0009416718154862114
2020-06-02,0.004629328418169321,0.01137674939887523,0.0051851274949976656
2020-06-03,0.005505050357937913,0.0024337807423406854,-0.0021216538320889544
2020-06-04,-0.008612038971151703,-0.013163452473788029,-0.01733525582290263
2020-06-05,0.028480978752641217,0.023398085775799826,0.018185595247669717
2020-06-08,0.005912574733478504,0.006196550656280442,0.005569416826723295
2020-06-09,0.03157794543997139,0.00764507855149521,0.0027899035554999063
2020-06-10,0.025727498626224587,0.03709139589740129,0.008690941992484102
2020-06-11,-0.04801045081879696,-0.05369829696494288,-0.04287562388438615
2020-06-12,0.008633615039130405,0.007891686245043772,0.00786085634947753
2020-06-15,0.01236689327258067,0.00639182560267737,0.005534568865201095
2020-06-16,0.02650245634486814,0.024505174414154673,0.01811029475161341
2020-06-17,-0.001391920618615483,0.0034613051117129423,0.004196295624580237
2020-06-18,0.00039833522485266393,0.010708456886617146,-0.012681166886743256
2020-06-19,-0.005714517273108677,-0.005959718359013655,-0.006610352687009158
2020-06-22,0.026163718671529557,0.027773595228645975,0.018264147934566433
2020-06-23,0.02134467675618934,0.006681006742228268,0.00918218308347174
2020-06-24,-0.017651833735888967,-0.020157600533028397,-0.021366463873558783
2020-06-25,0.013275459751784568,0.012636493579718078,0.00586315742218213
2020-06-26,-0.03072601782214357,-0.02001610758230532,-0.05451396396924191
2020-06-29,0.023046870457078317,0.010747293241395894,0.02541563451831541
2020-06-30,0.008347672633707282,0.025549145019100994,0.01494467366996255
2020-07-01,-0.001891498600631869,0.00584745529263575,0.016889281473230433
2020-07-02,0.0,0.00762090941457072,0.019368844976001665
2020-07-06,0.026750169082217168,0.02152626088159737,0.020218774168741405
2020-07-07,-0.0031026639393477717,-0.011627960591286457,-0.006488141939492431
2020-07-08,0.023290049613320596,0.021992945915704443,0.009181724248668033
2020-07-09,0.004299995192500905,0.0070009103218828805,0.010015877086521963
2020-07-10,0.0017493553033081088,-0.0030328541488676697,0.013400002991906801
2020-07-13,-0.004613024920088082,-0.030888821441146908,-0.017400685243369463
2020-07-14,0.01654844664414501,0.00618155771316431,0.005706661615643371
2020-07-15,0.006877214807655463,-0.0014880627054809636,-0.002616856727825856
2020-07-16,-0.012305036533300284,-0.01980372578504974,-0.001292279786973216
2020-07-17,-0.002019998324934935,-0.005100065182989555,0.0012740917485891678
2020-07-20,0.021073742209440693,0.0429811535018656,0.030978594989761188
2020-07-21,-0.01380173526133055,-0.013468963038647308,-0.005064351243001086
2020-07-22,0.002809318554958473,0.0143713878697731,0.005739393738491527
2020-07-23,-0.04551611320982163,-0.04349501372372033,-0.030737778689837625
2020-07-24,-0.0024774544208659988,-0.0061218964621502225,-0.005630551991445354
2020-07-27,0.023700243742168503,0.012667642816968083,0.014069727689157707
2020-07-28,-0.01642786523431894,-0.00897710616436087,-0.01685589367129159
2020-07-29,0.019168540394457034,0.01009786942586377,0.013207699722344035
2020-07-30,0.012100359860284016,-0.0007840631171589507,0.009754002815731688
2020-07-31,0.10468853230288766,0.005443696320884817,-0.03277498491033359
2020-08-03,0.02519762426177352,0.05624121763849321,-0.00348808083442409
2020-08-04,0.006678174964552808,-0.015008879956100007,-0.006379946756995825
2020-08-05,0.0036246830567288058,-0.001640795428114017,0.003929835177807428
2020-08-06,0.034889452305319146,0.016013988006711388,0.01748374980385181
2020-08-07,-0.0227358061591163,-0.01788784109564312,-0.004372278290933451
2020-08-10,0.014534615825842145,-0.01990776548865425,-0.0010344040513151631
2020-08-11,-0.029739813897423417,-0.02338513298086109,-0.010876437366572511
2020-08-12,0.03323434361392397,0.02856700080007535,0.018034069803054775
2020-08-13,0.017697233436794857,-0.0023423942913398665,0.006243124909040887
2020-08-14,-0.0008909424214410544,0.000958327190210273,-0.007925397120035926
2020-08-17,-0.002610848031640245,0.006606187772754568,0.0077163162417464015
2020-08-18,0.008332792725258775,0.005754170569417738,0.026077610818507235
2020-08-19,0.0012546705240763512,-0.006066976437780758,-0.007179747051259899
2020-08-20,0.02218966452215132,0.023271455026411036,0.02048416243905038
2020-08-21,0.051532479390214325,-0.007269810019432277,-0.0004313179065198458
2020-08-24,0.011960238828076175,0.0031448417211938917,0.006080319373380938
2020-08-25,-0.008203716656080218,0.013009676326884323,0.01305872227087801
2020-08-26,0.013598900228140032,0.021619599476337736,0.023837725098622364
2020-08-27,-0.011954232184213098,0.024553615047111288,-0.009494307299574456
2020-08-28,-0.0016199796783391562,0.010283184094519227,0.006699284751697121
2020-08-31,0.03391244380913028,-0.014765754958929511,-0.006038604824142313
2020-09-01,0.03983257124577144,0.007715362849950225,0.01567924934787146
2020-09-02,-0.020718474628127592,0.0192721559361253,0.03764778704790217
2020-09-03,-0.08006094443846223,-0.061946996125925136,-0.05117059017487413
2020-09-04,0.0006616668014758353,-0.014035919436440003,-0.0296409219995718
2020-09-08,-0.06729479886718581,-0.05409555537000077,-0.03643401897320997
2020-09-09,0.03988651173798119,0.042583652872750344,0.01550938442738481
2020-09-10,-0.03264594587645986,-0.02801858727030504,-0.013689200968542203
2020-09-11,-0.013128930188069154,-0.006524440425722533,-0.0067427464150774385
2020-09-14,0.03000021754697535,0.0067634441508725995,-0.004571994533374757
2020-09-15,0.0015603098996179732,0.01640615422218117,0.017423994480187277
2020-09-16,-0.029513655564893382,-0.017865433560146138,-0.015002022381690683
2020-09-17,-0.01596347715729307,-0.010436517692622549,-0.01656647604460093
2020-09-18,-0.031720158425059375,-0.012419218507697116,-0.024175609327075187
2020-09-21,0.03032578678520559,0.010728767970442643,-0.014437380734439453
2020-09-22,0.015715803991787736,0.024094441468824446,0.02075318594908704
2020-09-23,-0.04194621243785257,-0.0329284857429617,-0.034545487238172745
2020-09-24,0.010268722483392168,0.01296157964558975,0.009557576137786405
2020-09-25,0.03751635563510547,0.022786690110851104,0.011385476626248225
2020-09-28,0.023868740661309396,0.007795189358103194,0.013620023893843092
2020-09-29,-0.007567682353748495,-0.010408699093537144,0.0050456275384807014
2020-09-30,0.015075670885895232,0.014812043239437633,-0.0002862698029021393
2020-10-01,0.008462072580333047,0.010127166121042475,0.015215396969551875
2020-10-02,-0.032280253459360475,-0.029511487075637777,-0.021708518824314793
2020-10-05,0.030791165590689396,0.020321195150480253,0.018707206258570253
2020-10-06,-0.028669452382047544,-0.021247435336650633,-0.021452304936438016
2020-10-07,0.016967107544682225,0.019037502326360922,0.0055961711732916974
2020-10-08,-0.0009558919290002521,0.0035744234919892204,0.016646797702241534
2020-10-09,0.017396079744008475,0.02483602799799489,0.018214479736337053
2020-10-12,0.06352028912248198,0.025902376533605276,0.03584365731586758
2020-10-13,-0.02652742606201719,0.006594422290172153,0.0015850763433635784
2020-10-14,0.0007433383876893629,-0.008974261360444435,-0.002316547854898654
2020-10-15,-0.003960750890309117,-0.005433158560870122,-0.005097654646857852
2020-10-16,-0.014000374881973143,0.0,0.007862604700845433
2020-10-19,-0.025541928691159455,-0.024765733409665147,-0.024079909690057466
2020-10-20,0.013191768560145256,0.002007462030139129,0.01381090719736977
2020-10-21,-0.005446272817672293,0.0006987281740893359,0.022506874868438054
2020-10-22,-0.009583253784043566,0.0004191660747527859,0.013032933961635074
2020-10-23,-0.006133912947778208,0.006235468047893322,0.016381864849591032
2020-10-26,8.689852227572459e-05,-0.028441836174994295,-0.029816796197966955
2020-10-27,0.013472322569793693,0.015089596464240795,0.00920917392507481
2020-10-28,-0.04631217331661974,-0.049566447804464064,-0.05508848879953443
2020-10-29,0.037050436349996385,0.01006533271207255,0.030500341795168362
2020-10-30,-0.05601801361496994,-0.01099046677994342,0.03804407680633104
2020-11-02,-0.0008268457357314407,-0.0006917959016899955,0.005080262080962239
2020-11-03,0.015353709821417372,0.020264036566810084,0.013137702197278056
2020-11-04,0.040836658473702325,0.048248941767056186,0.060881367656707486
2020-11-05,0.03549359787158224,0.031886640745051764,0.009536819839075283
2020-11-06,-0.0011361750786427205,0.0019259192427416583,-0.0015715225208740025
2020-11-09,-0.01996795032940235,-0.023824570959656288,0.0009602388035745424
2020-11-10,-0.003009052303505455,-0.03379270748624763,-0.01345502235633611
2020-11-11,0.0303527722754382,0.026254719563170603,0.00547284912965762
2020-11-12,-0.0023432875327232816,-0.005125809179970298,-0.0025240757999378527
2020-11-13,0.0004194903041907505,0.004966672527047189,0.01689209482691645
2020-11-16,0.00872048051830765,0.0033252290323593225,0.0009987492032570433
2020-11-17,-0.007564519785456469,-0.012751226061144316,-0.006972847212920463
2020-11-18,-0.011391243499482062,-0.013183805401316029,-0.011931978243675423
2020-11-19,0.005168098373176111,0.0063482594743800025,0.010300851425699475
2020-11-20,-0.010957501685133098,-0.009556427292845449,-0.012618170140561658
2020-11-23,-0.029742643005768232,-0.0013311187438058703,-0.005079431031586812
2020-11-24,0.011594238938856138,0.01784792952840264,0.02103535528777911
2020-11-25,0.0074673286545443585,4.6755366511996854e-05,0.0001303631195945787
2020-11-27,0.004826327826575216,0.006358951211314912,0.012975269563274328
2020-11-30,0.021099511434388818,-0.005389468048364043,-0.01825394043909445
2020-12-01,0.03082752955964807,0.009996646687437938,0.023347088582985398
2020-12-02,0.0029334461616172813,-0.0038852029177499636,0.016492493497950234
2020-12-03,-0.0011376280173068798,-0.005246608709472023,-0.001715056378167712
2020-12-04,-0.005612362490852729,0.0005599952306838407,0.0010538881631541042
2020-12-07,0.01226990842879272,-0.00032652417931133826,-0.0036901120618402228
2020-12-08,0.005090882799727581,0.008026599596300033,-0.0031370864717010782
2020-12-09,-0.020903711595822494,-0.019489775669581877,-0.01847810722134402
2020-12-10,0.011988767001335665,-0.006043417889310065,-0.005743001399681202
2020-12-11,-0.006734788357479871,0.01301527451323703,0.004045015165767385
2020-12-14,-0.0051466121916670104,0.0044077410511018655,-0.012700065075314071
2020-12-15,0.05009020346853221,-0.0003266201004302749,0.005033486200356485
2020-12-16,-0.0005472495359417628,0.024050719842448887,-0.0022088264499231514
2020-12-17,0.006963506287606114,0.0006383235036235835,-0.009492484101226939
2020-12-18,-0.015850791713124757,-0.003782793866874856,-0.00821018178251931
2020-12-21,0.012395219918996503,0.01829927147260113,0.004831260684262206
2020-12-22,0.028464629954931153,0.006064916361078643,-0.008267018246803759
2020-12-23,-0.006976151423180199,-0.013039098401755655,0.004656346278465673
2020-12-24,0.007712423390556777,0.007827359731394923,0.0034310638962706808
2020-12-28,0.035765595140494044,0.009921327688800607,0.022950658019359693
2020-12-29,-0.013314744666743983,-0.0036006691908074817,-0.009131991781259341
2020-12-30,-0.008526838241050383,-0.011019549196211176,-0.012237204829874448
2020-12-31,-0.007702849902395448,0.003338274981073086,0.009439960010089399
2021-01-04,-0.024718923900622136,-0.021266089297341306,-0.015125822554896917
2021-01-05,0.012363709765636166,0.0009647336107205806,0.0080642593824094
2021-01-06,-0.03366155921061975,-0.0259295437825674,-0.009867490124923162
2021-01-07,0.03412325999081123,0.028457148608044047,0.029868527054317084
2021-01-08,0.008631230966120507,0.006092846823169573,0.01323869877569761
2021-01-11,-0.02324875761384626,-0.009698349804264539,-0.023105584631579634
2021-01-12,-0.0013954453773756814,-0.011770909313199907,-0.010738542227859416
2021-01-13,0.016226800553007292,0.006560424569273193,0.005652142414127592
2021-01-14,-0.015127397811878773,-0.015346301130653606,-0.009346177830310554
2021-01-15,-0.013730634909300155,-0.0017368446736565346,-0.0019066823540805355
2021-01-19,0.005427022713673679,0.017822677880266147,0.032906720797865274
2021-01-20,0.03285638086921905,0.03649959476051334,0.05357332104715162
2021-01-21,0.03665791032851029,0.0028084802258199204,0.0021701088026371274
2021-01-22,0.01607387199529886,0.004355956163053509,0.004463616490711697
2021-01-25,0.02768397307242587,0.015844264886535342,0.0009087414045099163
2021-01-26,0.0016793359268332253,0.012198988956786838,0.007216492506205707
2021-01-27,-0.007683760860261346,0.0024533226530916163,-0.04665221919838758
2021-01-28,-0.034985270258143464,0.025890928339947994,0.01883516312322353
2021-01-29,-0.03742051497963883,-0.029171690873167067,-0.013943411459565014
2021-02-01,0.01652021960421357,0.03315222696885112,0.03595899731796459
2021-02-02,0.006336555523513976,-0.0005841989363016831,0.01376075596259696
2021-02-03,-0.007778468007504591,0.01457136547187532,0.07282498088731182
2021-02-04,0.025758132602828887,-0.004074164983987938,-0.002549908906795073
2021-02-05,-0.0030983403716005053,0.0007852175848928056,0.01714034563833522
2021-02-08,0.0010965946635743684,0.0011147465302712156,-0.0020633836051907606
2021-02-09,-0.006573501562892159,0.0053614644051491744,-0.004379856709309848
2021-02-10,-0.004558473655453477,-0.003897091560589816,0.005343489600109885
2021-02-11,-0.001920059359874049,0.0068776884273815675,0.0010880316081680608
2021-02-12,0.0017756920552602917,0.0020450191999250578,0.003006564527300748
2021-02-16,-0.01610369945268375,-0.005265565425880969,0.00747970272277465
2021-02-17,-0.01764412303680729,0.004359493436798312,0.0037522308733970444
2021-02-18,-0.008636514180902166,-0.0016789574187834333,-0.006046379120889456
2021-02-19,0.0012335614941452189,-0.011567213978867175,-0.008072901992752346
2021-02-22,-0.02979906517806641,-0.026808412977223695,-0.016540590210658457
2021-02-23,-0.0011112173702693129,-0.005287537046636537,0.0028526726395248225
2021-02-24,-0.004052026267529429,0.0054871838630530245,0.011499313672879152
2021-02-25,-0.034782678038439596,-0.023705128312286106,-0.03256534804346478
2021-02-26,0.002231779934376954,0.014804286099147967,0.002956376879649447
2021-03-01,0.05385117022652319,0.01962299097941389,0.02361629885923655
2021-03-02,-0.02089371698002862,-0.012956894493001192,-0.0025028810648658473
2021-03-03,-0.02445644456880225,-0.026980812995115344,-0.02570622485522467
2021-03-04,-0.01581212272552468,-0.0036473666607426125,0.011196262951800984
2021-03-05,0.010738425012362773,0.021479265596998864,0.031043239752397422
2021-03-08,-0.041673449391844364,-0.01817777569040524,-0.042711942568216754
2021-03-09,0.04064963169796787,0.02810143362344908,0.016368582799755726
2021-03-10,-0.009166622597192586,-0.005817477997297593,-0.0020437126551291485
2021-03-11,0.016502682559729864,0.020265158394802807,0.031603140366537996
2021-03-12,-0.0076253618920543165,-0.005819699718215832,-0.024060527194070258
2021-03-15,0.02445661379085573,-0.003987412603920326,0.002165965070499709
2021-03-16,0.012743013223199595,0.01235062078650051,0.01433481234503553
2021-03-17,-0.00645057611887534,-0.0028184157691346634,-0.00080143994006876
2021-03-18,-0.033905153378503416,-0.02666233843066046,-0.029237980830369437
2021-03-19,-0.004480141421815631,-0.001603547168859687,0.0027802076855389934
2021-03-22,0.028335764405305497,0.02448429364954574,0.0018403308339438595
2021-03-23,-0.0068887749391753905,0.006737701355244541,0.0052394770516150935
2021-03-24,-0.019993503487908182,-0.008923367166483342,-0.004310850142179801
2021-03-25,0.004163347752199842,-0.013250648858308844,-3.436302061676777e-05
2021-03-26,0.005141566471041692,0.017818702414352794,-0.00380332408319517
2021-03-29,0.0014848735473647068,-0.005243689528225071,0.01040138618432751
2021-03-30,-0.012274261954625776,-0.014410754904593093,0.0003324739233820928
2021-03-31,0.018765631676028294,0.016907624373966312,0.007842681613994484
2021-04-01,0.006958578356361933,0.027908443888497336,0.03261057002910528
2021-04-05,0.02357730597318164,0.027728508036561905,0.041872884070334404
2021-04-06,0.00246220137860953,-0.004857963042613878,-0.004371490345323692
2021-04-07,0.013390570782430666,0.008230320902782529,0.0134752009582908
2021-04-08,0.019233833874979345,0.013405370701764063,0.005091514743118308
2021-04-09,0.020251464293101984,0.010266621643210128,0.00899383001733578
2021-04-12,-0.013232988795321865,0.00023444686945151005,-0.011472417261112478
2021-04-13,0.024306253076364248,0.010081694294002519,0.00437041315028841
2021-04-14,-0.017852993418392638,-0.011219129732418565,-0.005553447807218448
2021-04-15,0.0187079567816566,0.015298098398751625,0.01933161068021194
2021-04-16,-0.0025277826162689587,0.00477840468873536,-0.0010938832613963667
2021-04-19,0.005068376987780399,-0.007670535920662025,0.003070799871212726
2021-04-20,-0.012830251533949788,-0.0018550535835456516,-0.004694734965015712
2021-04-21,0.002930243129334986,0.008983235350689789,-0.0002896270411970603
2021-04-22,-0.011685557627902687,-0.013086437775047144,-0.011337265317287404
2021-04-23,0.01803863160057917,0.015476269005676002,0.02104761665922039
2021-04-26,0.002977915633475714,0.0015317835088994869,0.0043480051308943946
2021-04-27,-0.0024493411171532253,0.0016056649392002242,-0.008203755036596316
2021-04-28,-0.006027689367534839,-0.0282856860933991,0.029707816420315947
2021-04-29,-0.0007480772205575859,-0.008053076871718967,0.014293953092382683
2021-04-30,-0.015133401472819163,-0.0013068894984326063,-0.016407865505811747
2021-05-03,0.00821505687036339,-0.0012688520672339276,-0.00442742232460247
2021-05-04,-0.03538531137200329,-0.01615973335005605,-0.015471042608898755
2021-05-05,0.001955354729030079,-0.005327197758586588,0.003441994677371829
2021-05-06,0.012802599158007189,0.013226936763425234,0.009754675841067817
2021-05-07,0.0053274833022571855,0.010931662563856026,0.006237777667007727
2021-05-10,-0.02580466353063149,-0.02091412205482235,-0.025587404754479848
2021-05-11,-0.007410242719067206,-0.0038435154308915642,-0.009464506092731417
2021-05-12,-0.024938608407707008,-0.029362615088683985,-0.03075240258005396
2021-05-13,0.017919815469621403,0.0168618201292956,0.013084923914761015
2021-05-14,0.019844794516428843,0.021067413172041638,0.022135094130636634
2021-05-17,-0.009258711563617572,-0.011968599373919253,0.0046260164003877335
2021-05-18,-0.011245574223815225,-0.008565128365046859,-0.011555713885057717
2021-05-19,-0.0012815297980187657,0.0024740074100548792,0.003991267207492877
2021-05-20,0.021012032626625654,0.013820327951047817,0.015606488957277564
2021-05-21,-0.014767180592083373,-0.005314887450853845,-0.005557168765673359
2021-05-24,0.013314191295734856,0.02288217966917183,0.02916572628537928
2021-05-25,-0.0015736311555782923,0.0037481645529213736,0.0007750438103575341
2021-05-26,-0.0003938588975157531,-0.0009136308076809208,0.007380958614465083
2021-05-27,-0.012376811444563485,-0.008668237274022439,-0.007406587207177906
2021-05-28,-0.005348045493826281,0.001484101569059204,-0.0024676204806067803
2021-06-01,-0.0026481405895066867,-0.009131669199889614,0.010323132364233656
2021-06-02,0.006276009025840468,-0.0004042224284280804,-0.004447318441937798
2021-06-03,-0.01215424674259813,-0.006429289172523167,-0.009706486594396657
2021-06-04,0.019022279987818136,0.020674513771486103,0.01959030511304194
2021-06-07,7.945328707159582e-05,0.012041940336169787,0.0036473457323720204
2021-06-08,0.006671935885610214,-0.004885460374983053,-0.0016068518457933445
2021-06-09,0.003077219850645463,0.004038421713049134,0.003960969769100986
2021-06-10,-0.008023348141781406,0.01439329570575354,0.011291740886073542
2021-06-11,0.009832485908816357,0.0025269404907046766,-0.0020244927311217076
2021-06-14,0.02457802123681585,0.007755114248664485,0.007698963800967462
2021-06-15,-0.006437564887700087,-0.005887015263960627,-0.008379228179299592
2021-06-16,0.003933942575154781,-0.0037932715540044404,-0.005328632057760463
2021-06-17,0.012600841413844543,0.013676114935380124,0.008039898517506971
2021-06-18,-0.010091901373374124,-0.0056341820871449455,-0.01340931434140158
2021-06-21,0.014104062353367697,0.012334942006182459,0.014166033253170118
2021-06-22,0.012698362563436705,0.010966024447368383,0.004252466633532848
2021-06-23,-0.002089662049882146,-0.0009042001701939917,-0.001663580327276426
2021-06-24,-0.00216925811046087,0.0053531665181691945,0.0030541729512316707
2021-06-25,-0.0022488902809885136,-0.006261887572999281,6.948361208025666e-05
2021-06-28,0.012546242944517338,0.013961261769045441,0.0002245373881377688
2021-06-29,0.011500118288980232,0.009973080630145681,-0.00215054019372396
2021-06-30,0.004621150837542887,-0.0018422683951062613,-0.0014965830364114252
2021-07-01,0.002263459798827361,0.0025839826382079156,0.0029076296990371286
2021-07-02,0.019596582377115368,0.02227539198503581,0.02297364562602988
2021-07-06,0.01471830722310652,3.5790992872763994e-05,0.007444726595315698
2021-07-07,0.017955035011560705,0.00817550638465736,0.00225048142274753
2021-07-08,-0.009199455304066184,-0.008966268501430341,-0.011306638786889867
2021-07-09,0.013055118478795036,0.0018743872818678398,0.0037947326111122948
2021-07-12,-0.004203791761500764,-0.002230573567952976,0.011607886837381232
2021-07-13,0.0078892039093712,0.013197790649552399,0.002882363483655226
2021-07-14,0.024100624072060484,0.005444917311830277,0.0070322576756634
2021-07-15,-0.004492195136331811,-0.00523888430245345,-0.009607151033257821
2021-07-16,-0.014076004037077205,-0.0009959323035446666,-0.00027556936195660686
2021-07-19,-0.02691408779223592,-0.013321626129687458,-0.018839088295845796
2021-07-20,0.02597372745471449,0.008339207886288502,0.01309620528627864
2021-07-21,-0.005131812210794173,0.007446435438757559,0.0106132895870521
2021-07-22,0.009628753071651674,0.016844234608069053,0.006840475240871058
2021-07-23,0.011989079111650147,0.012336861657980425,0.03576906062198715
2021-07-26,0.00289456333435556,-0.0021405745997055137,0.007668283497991979
2021-07-27,-0.014900201884978426,-0.008683476782815669,-0.015928763887105846
2021-07-28,-0.012196242604559204,-0.0011168242907522163,0.03179688722881657
2021-07-29,0.004552357597266354,0.0009782036389616167,-0.0023255433608714293
2021-07-30,0.0015105044778764842,-0.00554966576477256,-0.007740749940052694
2021-08-02,-0.002331021517853582,-0.0003159038837243777,0.0009502326474870593
2021-08-03,0.012644313535859375,0.008075428856244793,0.005750734934385715
2021-08-04,-0.0027820633783093296,-0.0021245356286581085,-0.0037196999114610385
2021-08-05,0.0007481479862394558,0.010505676811370934,0.00833269622493682
2021-08-06,-0.0047668188103108244,-0.00020714020231749064,-0.0037649231468078748
2021-08-09,-0.0003420798240233447,-0.0039040013043490918,0.008652535428554486
2021-08-10,-0.003354083615184855,-0.006555183756203897,-0.0007740571560036491
2021-08-11,0.001785818541332418,0.0017807808055860797,-0.003859595028642304
2021-08-12,0.020773179672986197,0.009966914741970312,0.00671428584301581
2021-08-13,0.0014105960756569669,0.010489463293736234,0.0038886517494456374
2021-08-16,0.013547916673410487,0.00597603295689253,0.004225672347112797
2021-08-17,-0.006154285824373162,-0.005159776488214418,-0.01191525528694437
2021-08-18,-0.025500910557994638,-0.006119025360581398,-0.00887232241792102
2021-08-19,0.00232298662171182,0.02077510695458784,0.0017054882746405653
2021-08-20,0.010156996952136899,0.025575527347907023,0.012894229665066259
2021-08-23,0.01025700505748195,0.0009525941638504065,0.019006273507782945
2021-08-24,-0.0006011853365686104,-0.006663260104652569,0.008711563143322554
2021-08-25,-0.008421449577335482,-0.002015716617275176,0.005787108600543656
2021-08-26,-0.005526959511149343,-0.009668458894401488,-0.004493841091063211
2021-08-27,0.007184416556870188,0.0021061463659080015,0.018124120581473058
2021-08-30,0.030416966221903596,0.01291193041695804,0.004072940046800033
2021-08-31,-0.008424481193595068,-0.005632363657408379,0.0007398565916083566
2021-09-01,0.004478797133602663,-0.00016563281749348846,0.0035798540306430926
2021-09-02,0.007474900085240099,-0.0022528960292029776,-0.013280082350019984
2021-09-03,0.004230285863727978,-3.335324072217816e-05,0.0031579705170381445
2021-09-07,0.015489229853991926,-0.003187797869273701,0.0037636878609186297
2021-09-08,-0.010083529628838739,9.985859309935563e-05,-0.004085880953447418
2021-09-09,-0.006704909408945192,-0.009859631925674073,-0.0010437149929498624
2021-09-10,-0.03310189753506676,-0.005180909719443849,-0.018566310873152636
2021-09-13,0.003893307509632349,0.004328587170741471,0.010338974758562047
2021-09-14,-0.009561902882073259,0.009427948120946494,0.001489275469479301
2021-09-15,0.006143868823166088,0.016778322241296717,0.013224169492843219
2021-09-16,-0.0016106846329007052,0.0013122824117692833,-0.005674093390686141
2021-09-17,-0.018347982595627976,-0.017528155586391647,-0.019566850233931454
2021-09-20,-0.021360948644036704,-0.018575151488869235,-0.014776299354404276
2021-09-21,0.003427998205019822,0.0016992031655120865,0.002259950399051691
2021-09-22,0.01687237513965867,0.012822164232731526,0.008994134816740385
2021-09-23,0.0067190986576533,0.0032824105881628096,0.006647583219259401
2021-09-24,0.0006129773703089647,-0.0007011926160664927,0.007074033206584618
2021-09-27,-0.01055008277171976,-0.017303978491909233,-0.008037226275087406
2021-09-28,-0.023801147212789586,-0.03620369856000605,-0.03715815266670053
2021-09-29,0.00648304849521697,0.001693177492000597,-0.01087020029073238
2021-09-30,-0.009311763176640286,-0.007323924361320011,-0.005042673521850949
2021-10-01,0.008126823424510654,0.025467973126663823,0.02144719720030075
2021-10-04,-0.02460521275237293,-0.020719291695510678,-0.021117725713856617
2021-10-05,0.014158309354594945,0.01995662053938041,0.01768288614286262
2021-10-06,0.0063069736610699145,0.01506446173824294,0.01133631236825372
2021-10-07,0.00908430877966393,0.005936335192549214,0.01206711261563509
2021-10-08,-0.0027215325070368834,0.0,0.004025863699033794
2021-10-11,-0.0006298353015005143,-0.0021026882907173583,-0.006234537607689772
2021-10-12,-0.009102991242922465,-0.0045883611056027895,-0.017744882505791648
2021-10-13,-0.004239926269422711,0.011711486913539959,0.00830351093051851
2021-10-14,0.020225680221055198,0.02173395817661694,0.025940828228076862
2021-10-15,0.007512484799101271,0.004822413740384723,0.0015374118410618198
2021-10-18,0.011806262749648022,0.010124649768616933,0.009973982190705888
2021-10-19,0.015079941281418874,0.003059034321045262,0.003214813903752889
2021-10-20,0.0033610738356180114,-0.002660396318656333,-0.010248822822486847
2021-10-21,0.0014739602613804692,0.010897665700443593,0.0008253944742422359
2021-10-22,-0.00528484481360092,-0.005148794340541274,-0.030443546271332056
2021-10-25,-0.00033631792808053174,-0.0033316090687963706,-0.0008685744432682663
2021-10-26,0.004574917973976911,0.006425936241150287,0.013543291750181208
2021-10-27,-0.0031477581007851585,0.0421140496490402,0.049594867119456376
2021-10-28,0.024991833810753317,0.003651243722247788,-0.0025201089048186853
2021-10-29,-0.01815565041556355,0.022414108938452415,0.01506360604362933
2021-11-01,-0.005607587948347259,-0.006784946929787594,-0.030727040131258154
2021-11-02,0.007115825335089143,0.011415767381620645,0.01348822307717401
2021-11-03,0.00979896869128738,0.002611355236467716,0.008014042279886224
2021-11-04,-0.0034987493748930287,0.00730562828921788,0.011388171857009466
2021-11-05,0.0035825042361563586,-0.0011296135635985305,0.003942154675294907
2021-11-08,-0.005552959620808817,0.0027674505762202983,0.0012026389995758446
2021-11-09,0.002459752210165256,-0.0030861841449368876,-0.0007549952774169588
2021-11-10,-0.019163173653620524,-0.015329574271800928,-0.02031317323173909
2021-11-11,-0.0003383116326232116,0.00492739922185037,-0.0008704504025820459
2021-11-12,0.014337324532782247,0.012905065158512086,0.01997366891877239
2021-11-15,6.643830270758322e-05,-0.0019302479352135693,-0.0015200803826518339
2021-11-16,0.006666708123071574,0.010235895650472893,-0.0038798674256269594
2021-11-17,0.01649014235023838,0.0006784095668455059,0.0011562863350704777
2021-11-18,0.028535880623717702,0.006340010789733119,0.012100907391789262
2021-11-19,0.016976197950866023,0.0053917304696546875,-0.0060866030397261905
2021-11-22,0.0029273821000539435,-0.009559817676177307,-0.017622701459029333
2021-11-23,0.0024220983576421773,-0.006326579931684506,-0.0035543382736215046
2021-11-24,0.003283655834959154,0.0006813059965817825,0.002318518708831707
2021-11-26,-0.03167846947717168,-0.02435563919124506,-0.02694360381849792
2021-11-29,0.021873564328303452,0.02108101275042351,0.023543614428590542
2021-11-30,0.03157758401144806,-0.01794277180200965,-0.02496364164905529
2021-12-01,-0.003206287830260446,-0.001542427450340944,-0.005962165336770853
2021-12-02,-0.006129770779897514,-0.0017877102844806592,0.013573090757998507
2021-12-03,-0.011724357323384949,-0.019666359071782047,-0.00674639697542212
2021-12-06,0.021502752803834957,0.009844692883763217,0.008123141836034353
2021-12-07,0.03544619713197439,0.026763717384348018,0.028741643144300832
2021-12-08,0.0227832225434641,0.00014920809912832844,0.006226445361159572
2021-12-09,-0.002970088758139866,-0.005582834358305755,-0.0036978747837735915
2021-12-10,0.028013259825173442,0.028340079825655895,0.002458630758825464
2021-12-13,-0.020674256745465303,-0.009166868907819814,-0.014695690612410717
2021-12-14,-0.008023331077870788,-0.03258696014130458,-0.013162964035877356
2021-12-15,0.028509392254551402,0.01921776205721537,0.01760857356345924
2021-12-16,-0.03926403687931157,-0.02913474730231913,-0.013630060473107664
2021-12-17,-0.006501749551195757,-0.003385652182787524,-0.018830567296424516
2021-12-20,-0.008121987047660317,-0.012013552507132319,-0.0008327990920118378
2021-12-21,0.019086917587178842,0.023068808830694065,0.013173940897753145
2021-12-22,0.015318695622400513,0.018057348502504844,0.020508935907970427
2021-12-23,0.003644016497472702,0.004471807793007931,0.0034253670066033415
2021-12-27,0.022974752148376743,0.02318578840310548,0.006738432668959682
2021-12-28,-0.005767239496823007,-0.0035041810907483484,-0.008245002056476491
2021-12-29,0.0005021348317431062,0.002051270715789588,-0.00021818823397190545
2021-12-30,-0.006578382899064428,-0.007691132628402486,-0.0030990537460995338
2021-12-31,-0.0035353096951009633,-0.008841215558768378,-0.009223693223505913
2022-01-03,0.025004200183135872,-0.004668155215670322,0.0009631823570510623
2022-01-04,-0.012691708942183633,-0.017147085377615,-0.004083101441996417
2022-01-05,-0.02659992347175577,-0.038387912669368585,-0.04587629846829189
2022-01-06,-0.016693182756427283,-0.00790205877713146,-0.00019954557978685283
2022-01-07,0.000988355482227643,0.0005098720623653019,-0.005303221604880615
2022-01-10,0.00011602951863198818,0.0007322923512829149,0.012060591890242556
2022-01-11,0.016783957245419368,0.0022592744159848355,0.007690897582443235
2022-01-12,0.0025701581244390592,0.010445010032609892,0.012126580896290484
2022-01-13,-0.01902815878772446,-0.042322532658628176,-0.020105316820377195
2022-01-14,0.005110575039682486,0.01771648306368445,0.006447177384160785
2022-01-18,-0.01889387062820036,-0.024339062533720535,-0.02496759202856902
2022-01-19,-0.02102474758336581,0.0022468430639936976,-0.006481872664899968
2022-01-20,-0.010347359127926725,-0.005703259933767413,-0.013388351371997231
2022-01-21,-0.012765025719523426,-0.018468328396607614,-0.022174238115729272
2022-01-24,-0.004864382065632666,0.0011486503703199702,0.003471471496933276
2022-01-25,-0.011384608962113907,-0.026588441476233737,-0.02957875865173576
2022-01-26,-0.0005632536582541592,0.028493041382166906,0.01810382686102674
2022-01-27,-0.002943147563530979,0.01054910669597997,-0.0017642399152481003
2022-01-28,0.06977772579020569,0.02808155969788162,0.03368855804390014
2022-01-31,0.02612561722994866,0.008823914751266981,0.01464167185917753
2022-02-01,-0.0009727240560813977,-0.007138778418422254,0.017298198649344343
2022-02-02,0.007044247371595258,0.015222037242789588,0.07523771701997317
2022-02-03,-0.01671962914857672,-0.038952098345056974,-0.03317573345655056
2022-02-04,-0.0016792360608840484,0.01556833575239902,0.0014186343370228283
2022-02-07,-0.004234602966680878,-0.016310242557418753,-0.028556813622907296
2022-02-08,0.01846648223037728,0.01199518809769562,0.0014224289891004993
2022-02-09,0.00829390462706825,0.02183465868175971,0.0157317488126556
2022-02-10,-0.023598883454287733,-0.028372833968870137,-0.020989905413596355
2022-02-11,-0.020218289292036506,-0.024274180790572863,-0.031290498437451686
2022-02-14,0.0014232810628860282,-0.00013560756342934077,0.009260307132910262
2022-02-15,0.023152286176441272,0.01854240132945395,0.007987534548541841
2022-02-16,-0.001389007574844725,-0.0011674503015119964,0.008268082701727186
2022-02-17,-0.021268922397933765,-0.02928184334488182,-0.03774574879438097
2022-02-18,-0.009355904055003528,-0.009631067977923458,-0.01611585524325565
2022-02-22,-0.017812168626193947,-0.0007294035807658972,-0.004520583114374865
2022-02-23,-0.025864268268991686,-0.025893106018298306,-0.017143899422236042
2022-02-24,0.016680053918892268,0.05109357456608343,0.03999592865938051
2022-02-25,0.012965577616916857,0.009233059123582743,0.013328019555320036
2022-02-28,0.0016376856830218056,0.004978180569894075,0.00444379498379166
2022-03-01,-0.011627946338486517,-0.012851925001745146,-0.007371057916672807
2022-03-02,0.020588234454672838,0.01776577711238181,0.003804212228417203
2022-03-03,-0.0019810665151565043,-0.01422444133528078,-0.00499355458798012
2022-03-04,-0.018408408579506874,-0.020478547139440195,-0.014884458468284234
2022-03-07,-0.023717466296490075,-0.03777674885953641,-0.04190827558149057
2022-03-08,-0.011675965756218432,-0.010971358168743617,0.00574458793194399
2022-03-09,0.034997342253630936,0.04585822212848156,0.049687500811417706
2022-03-10,-0.027186342817456133,-0.010086564047436686,-0.0074239903024579945
2022-03-11,-0.023908866515235938,-0.01932832441765675,-0.019323508547424595
2022-03-14,-0.026562009564077504,-0.012961079692789146,-0.030180062462376478
2022-03-15,0.02967719443429928,0.038742571706286366,0.025779769597407354
2022-03-16,0.029015459594648574,0.025213334228995743,0.03159894409195507
2022-03-17,0.0064539647889316765,0.002819178081899798,0.004190220002098455
2022-03-18,0.020918936438839353,0.017647858758484736,0.017084106502812668
2022-03-21,0.008537893744448466,-0.004227322017810287,-0.000176478475207964
2022-03-22,0.020800429308047708,0.016379278621040605,0.02767434075628672
2022-03-23,0.008233426370140906,-0.015029949835868806,-0.011385746942160213
2022-03-24,0.022678116099599688,0.015393032182174915,0.023840144742467206
2022-03-25,0.0037339276410812694,-0.001381443686006123,0.0007132362133597248
2022-03-28,0.005036739611518959,0.023116710354813774,-0.0015348894811313407
2022-03-29,0.01913430414989059,0.015159373806919785,0.007422657635030472
2022-03-30,-0.006649461222986264,-0.004914455206571966,-0.003978752125800011
2022-03-31,-0.017775888912354154,-0.01768292079680367,-0.020227159590194388
2022-04-01,-0.0017181177212078902,0.003600247042665039,0.007787545446297006
2022-04-04,0.023693681833300007,0.017936760176177513,0.020128484254249512
2022-04-05,-0.01894218490541999,-0.012985472737009784,-0.016650236065966606
2022-04-06,-0.01845071370662077,-0.03660579354808635,-0.028757125763592684
2022-04-07,0.0018040153505305412,0.006243907077492672,-0.004829991385494226
2022-04-08,-0.011908872273549864,-0.014600027558611006,-0.01914047744274605
2022-04-11,-0.025515862246621612,-0.039431574282507764,-0.03349155337608711
2022-04-12,0.011523422991597476,-0.011217732868974317,-0.00860866089959711
2022-04-13,0.016342507652056693,0.019711885421357822,0.017065384615384538
2022-04-14,-0.02998821763560544,-0.027084307047008038,-0.024358294697791938
2022-04-18,-0.0013309524167367526,0.0024660807417835606,0.007468569766376332
2022-04-19,0.014115102810106306,0.017039751668492586,0.01826877806424121
2022-04-20,-0.0010154283335112035,0.0037152664635939914,-0.015145035554151809
2022-04-21,-0.004843692276896516,-0.01938128029351871,-0.025191385728523974
2022-04-22,-0.027821235711322223,-0.024144388057984467,-0.04149351414412705
2022-04-25,0.006737306743275884,0.024413386490079736,0.02874145254154925
2022-04-26,-0.037328008155156134,-0.03740385996956952,-0.03594581383946727
2022-04-27,-0.0014669841914258797,0.04810913599087585,-0.03670882317534385
2022-04-28,0.04515568266390724,0.02263238882671903,0.03699210959272059
2022-04-29,-0.03660489866161465,-0.041811922154609604,-0.037233473519087235
2022-05-02,0.0019665749233728214,0.02504283357066983,0.021676561361287483
2022-05-03,0.009622493847348146,-0.009455792993526613,0.006441812524025314
2022-05-04,0.041008287155658296,0.02910088599515892,0.04199125063990117
2022-05-05,-0.05571630269667083,-0.043554975331148826,-0.04707548152919183
2022-05-06,0.004727436772155036,-0.009446577823555291,-0.0065148736397262486
2022-05-09,-0.03318939021452283,-0.0369453075008177,-0.027953315102501985
2022-05-10,0.016112275120946595,0.018595524318747003,0.016745064933957554
2022-05-11,-0.05184134584510658,-0.03320972937203237,-0.006927730264086995
2022-05-12,-0.02689422901393468,-0.019957644882099945,-0.006676693688097646
2022-05-13,0.03191612227564322,0.022596616790222068,0.028415276462243177
2022-05-16,-0.010672196854217497,0.0014551995818539165,-0.013834523015100908
2022-05-17,0.02542273759302538,0.020344330182663573,0.01772027940512544
2022-05-18,-0.05641939390564754,-0.04552992675606937,-0.0392666073906629
2022-05-19,-0.024641156016213084,-0.0036996315455167794,-0.013543375049804629
2022-05-20,0.001747215533975277,-0.0022911886274964433,-0.013371577440074778
2022-05-23,0.040119133926283634,0.03203198056287504,0.02368973863273105
2022-05-24,-0.019215744222255027,-0.00395158882010882,-0.04949401198058245
2022-05-25,0.0011397942957929175,0.01116988631241167,-0.001557120441842974
2022-05-26,0.023199558414675137,0.012875224418871012,0.018784587777921802
2022-05-27,0.04075671494259048,0.02760447766639018,0.04196954647242479
2022-05-31,-0.005346376351824111,-0.0050139543725800095,0.01286980777700375
2022-06-01,-0.0008729885509441981,0.0020231927081271195,0.0011427515863284832
2022-06-02,0.016811242399114024,0.007928828350118655,0.03275470941313863
2022-06-03,-0.038555751855257725,-0.01660711581151275,-0.02619818747093816
2022-06-06,0.00522747554063141,-0.00470337211361338,0.019901141921636167
2022-06-07,0.01758619032499098,0.01395359072587632,0.0028163123259228318
2022-06-08,-0.005043695906598589,-0.007669736161121987,0.00037979545816524407
2022-06-09,-0.03595542350655068,-0.02078332325802934,-0.02012466078941788
2022-06-10,-0.03862886721531367,-0.04456368483492834,-0.03199361154370739
2022-06-13,-0.03828469896375919,-0.04241274173865117,-0.04290148259730053
2022-06-14,0.006672608846638006,0.009205125658244828,0.0030358656765603342
2022-06-15,0.02011145861968533,0.02973529476887804,0.028571290892918988
2022-06-16,-0.03965155100009199,-0.026970066135016957,-0.03399093633766981
2022-06-17,0.011533284444054548,0.010940083576922222,0.010468420617945284
2022-06-21,0.03276058279636618,0.02459111055739771,0.04107095578501463
2022-06-22,-0.0038270033373741796,-0.0024039748117553605,-0.0005064977726070286
2022-06-23,0.02157364112795568,0.022636501229978512,0.006767626067128996
2022-06-24,0.024517243776475572,0.034149781017997816,0.05107720295255547
2022-06-27,0.0,-0.010496918347158268,-0.018152193394914473
2022-06-28,-0.029789633389254666,-0.03174897751803685,-0.03303017747727155
2022-06-29,0.0130237368252204,0.01473801077908976,-0.0027319650324373335
2022-06-30,-0.01802739268414899,-0.013179217007982524,-0.024516245265107317
2022-07-01,0.016164234592659588,0.010707441673486029,-0.0020694724289288535
2022-07-05,0.01893015752105942,0.012597323944137262,0.041618495885823004
2022-07-06,0.009607496046069253,0.012782986842965194,0.011557145629657484
2022-07-07,0.02399953745241512,0.008226631732251022,0.036754268286228964
2022-07-08,0.004714319265412881,-0.002757143022028785,0.004802824756212853
2022-07-11,-0.014757725252584453,-0.011768463454679523,-0.030807608613382387
2022-07-12,0.006833801230634373,-0.040981568296580506,-0.014315836295921813
2022-07-13,-0.0025365258014757863,-0.003744900004625795,-0.023390461866103607
2022-07-14,0.02048223198796295,0.005381323164608265,-0.008854646456187387
2022-07-15,0.011450227437168836,0.010390434900678702,0.012775377543950528
2022-07-18,-0.020643095952321167,-0.009621414671575623,-0.024580052798914398
2022-07-19,0.02672178678230419,0.020766975665710063,0.04384121061126378
2022-07-20,0.013509786769175136,0.010557946537784746,0.0007908486797001402
2022-07-21,0.015094221498144877,0.009798708733554484,0.003862911714684447
2022-07-22,-0.008110667787063375,-0.01691599154921153,-0.0563232160828846
2022-07-25,-0.007398337999971583,-0.005876326660953057,-0.003614434006366074
2022-07-26,-0.008826453756779817,-0.026774383999662477,-0.023160664222126592
2022-07-27,0.0342348119013578,0.06685185782144121,0.07655688735879584
2022-07-28,0.003571887309788302,0.0285405989738039,0.010260031868234432
2022-07-29,0.03279311682108177,0.015665204591470916,0.018385620603646347
2022-08-01,-0.006153448405804562,-0.00972412062760386,-0.012551628448835839
2022-08-02,-0.009287657633642477,-0.011474518060674233,0.0023505899929430196
2022-08-03,0.038247781138617265,0.027836303094645576,0.025623325206415082
2022-08-04,-0.0019262601017602243,0.004177247427909814,0.0009315089684793776
2022-08-05,-0.0013889743394588372,-0.002608689416809473,-0.00609180594693981
2022-08-08,-0.0029029726068711126,-0.009154902003725707,-0.0014472169593181539
2022-08-09,0.0003031246915814467,0.007063514814437788,-0.005711934656137507
2022-08-10,0.026194597585444068,0.02430021842108321,0.026322616155840972
2022-08-11,-0.004431477044359755,-0.00740055694366426,-0.007184633540408547
2022-08-12,0.021425718985616182,0.01703719112241453,0.023897657767973923
2022-08-15,0.006333350005883309,0.005344059542854662,0.0032873589609025977
2022-08-16,-0.0009238832812258346,-0.002589745150865297,-0.003112811698468443
2022-08-17,0.008784604849812583,-0.0026361304995242696,-0.017666281017118313
2022-08-18,-0.0022916679416880026,-0.003947658105154073,0.005186103297573297
2022-08-19,-0.015101946182258907,-0.013853807784819816,-0.024631759475077675
2022-08-22,-0.02302924283822605,-0.029355374043595783,-0.025339193714352448
2022-08-23,-0.0020291074643473683,-0.004716470457163613,-0.003326234625008029
2022-08-24,0.0017939148541741279,-0.00235139408515439,-0.0014931018358141923
2022-08-25,0.014922705547499637,0.011095613576142638,0.026035630547463162
2022-08-26,-0.03769933083660448,-0.038587144695521824,-0.05409339852792383
2022-08-29,-0.013690132283758372,-0.010667934210115582,-0.008337909742203609
2022-08-30,-0.015305276649468569,-0.008521146285426995,-0.004386662352346082
2022-08-31,-0.01063510248269628,-0.005703978286481504,-0.006609125819835193
2022-09-01,0.004706861068819235,-0.004092431131114127,0.014045340264750905
2022-09-02,-0.013611119578318065,-0.01666650578302742,-0.01722258007887767
2022-09-06,-0.008215113638960658,-0.010973952707636125,-0.009642865276006551
2022-09-07,0.009253884347134589,0.0191113686137101,0.024716771794882852
2022-09-08,-0.009618031486128165,0.0016662265781408614,-0.009776227117691105
2022-09-09,0.018840014189073218,0.022976923549379302,0.0209448480425638
2022-09-12,0.03850786037731546,0.008281121743918929,0.0018979437324400106
2022-09-13,-0.05867950300826885,-0.05497855851382749,-0.05899335344177459
2022-09-14,0.009555236243698362,0.0009129458572612048,0.006518359883919134
2022-09-15,-0.018929595728215842,-0.027119318265525383,-0.01990473602853926
2022-09-16,-0.010960404296046833,-0.002608183264068309,-0.00106889765864282
2022-09-19,0.025083035146494348,-0.000898907512553615,0.0026264245878377945
2022-09-20,0.015665388920246714,-0.0084657356934833,-0.018725149027645438
2022-09-21,-0.02026752137519605,-0.014435878330225305,-0.018390311248846603
2022-09-22,-0.00637533115464195,0.00849548136465561,0.00866237539573067
2022-09-23,-0.015123769511745655,-0.012698135856590631,-0.013980439326110483
2022-09-26,0.0022602013443058233,-0.0019754089378017925,-0.005772841968227693
2022-09-27,0.006566306085465046,-0.004379710728686925,-0.0068247631644641205
2022-09-28,-0.012651728467317436,0.019711392505044056,0.026153921482344744
2022-09-29,-0.049118846621626244,-0.014808981239755159,-0.026286908994278435
2022-09-30,-0.030039351747466414,-0.01936843157066437,-0.018168803042895365
2022-10-03,0.030752440556969685,0.03366250734547949,0.03125988983089467
2022-10-04,0.02562331566415499,0.03381226607126453,0.03041356017873209
2022-10-05,0.002053044942016413,0.0012859405774883204,-0.0020661891873258176
2022-10-06,-0.006625360653860213,-0.009671043069011676,-9.852160835388535e-05
2022-10-07,-0.0367188204447807,-0.05085292291761678,-0.027016348403705703
2022-10-10,0.0023557435837870955,-0.02130290508702659,-0.008309742564348022
2022-10-11,-0.010255088320751837,-0.016750168249457853,-0.006948654605506199
2022-10-12,-0.004604856482140041,0.001508214452788037,0.003910235647970106
2022-10-13,0.033613041926072285,0.03760798269524335,0.01537508287015088
2022-10-14,-0.032240276167655124,-0.02424868352777565,-0.02523719285642234
2022-10-17,0.029122944061880096,0.039245778400938125,0.03531491487863314
2022-10-18,0.009409052206606816,0.004083702190320615,0.008002363427313641
2022-10-19,0.0007654343751224424,-0.00846967992971992,-0.011312868905349993
2022-10-20,-0.0032672082131451896,-0.0013954252683285873,0.0034126416807893634
2022-10-21,0.02705893709040863,0.025280617151127727,0.011603396259790344
2022-10-24,0.014802965807472201,0.021187804937656596,0.01374469046213922
2022-10-25,0.01933753254008841,0.01379165458747389,0.01911825302424308
2022-10-26,-0.019626901469141478,-0.07715632986672205,-0.09140496249034546
2022-10-27,-0.030465542599513395,-0.019756094317972317,-0.028547466755839523
2022-10-28,0.07555257033602758,0.04022046310278804,0.04413369876439388
2022-10-31,-0.015410507815101782,-0.015856226220939518,-0.018485960469429963
2022-11-01,-0.017542594920413768,-0.017059435897911923,-0.04274671822523157
2022-11-02,-0.037305297246768454,-0.035368320157039834,-0.03868684766629016
2022-11-03,-0.04240488944926013,-0.026578841115852403,-0.04070371342433843
2022-11-04,-0.0019471890057564112,0.033325494795266586,0.03775625808119387
2022-11-07,0.0039024226786850136,0.02926971824490021,0.022060427668446625
2022-11-08,0.004174975116373991,0.004388439896941154,0.004633192577420342
2022-11-09,-0.03319002606211252,-0.019050134611582892,-0.017772681346610142
2022-11-10,0.08897454792162551,0.08226813521100285,0.07581321045356959
2022-11-11,0.01926862084878378,0.016997274169975096,0.026293394338003928
2022-11-14,-0.009485426284570608,-0.022500340230740212,-0.007364513819330121
2022-11-15,0.011869293608841813,0.0017389539517185248,0.02863120057166646
2022-11-16,-0.00833096655220611,0.0018234933773915163,0.004164962095562386
2022-11-17,0.0129712999846463,-0.00020680724965360664,-0.004956974898957411
2022-11-18,0.0037817626478102717,-0.0019033294673228562,-0.009455120502046555
2022-11-21,-0.021680194929583174,0.003440865100816648,-0.018782653166446783
2022-11-22,0.014661013471156448,0.012311435773511237,0.015167333532330574
2022-11-23,0.005926515082746331,0.010406965798576584,0.01452861328573718
2022-11-25,-0.01959367778612431,-0.0003634697323724456,-0.01015636150784982
2022-11-28,-0.02626416253696484,-0.02315250765466903,-0.014467492557758366
2022-11-29,-0.021148383026978523,-0.005914880307213877,-0.00895367605336339
2022-11-30,0.04859391462572504,0.061623423375100295,0.06093072747507877
2022-12-01,0.0018914644988872187,-0.0017636214002416661,0.0
2022-12-02,-0.003371320483359086,0.0012956806752308925,-0.005446020564752407
2022-12-05,-0.00798305887451023,-0.018900481161209348,-0.009558022461352733
2022-12-06,-0.02537015402366627,-0.02030381992626029,-0.025130563587366095
2022-12-07,-0.013784800120181906,-0.003059651258698559,-0.021035434531557873
2022-12-08,0.012132771005668008,0.012399062544557138,-0.012955516056094463
2022-12-09,-0.003434873813001449,-0.008003034223175387,-0.009390695728550447
2022-12-12,0.016389961618747062,0.028889116277051485,0.005170702039442254
2022-12-13,0.006782478561392358,0.017464762194135508,0.024863426970289426
2022-12-14,-0.015535813270610821,0.0011676622104537238,-0.005855763666672287
2022-12-15,-0.04685457452852504,-0.0319182799257669,-0.04428328092105671
2022-12-16,-0.014578770472999047,-0.017348670787843745,-0.0066035354687248304
2022-12-19,-0.01590953513793769,-0.017328046628739657,-0.020163979173522528
2022-12-20,-0.0005288377106943409,0.005614426533508743,0.0065579839660168116
2022-12-21,0.023809587787187114,0.010876805280988666,0.006290830823519
2022-12-22,-0.023772687426954153,-0.025528792782197662,-0.02031704421531133
2022-12-23,-0.0027978940049837586,0.0022670528665695855,0.01675029951541429
2022-12-27,-0.013878563884717865,-0.007413993179269718,-0.020620891530248486
2022-12-28,-0.030685141496678003,-0.010255084753724941,-0.015676927368256877
2022-12-29,0.02832432831481202,0.027629778480229072,0.028249320527852673
2022-12-30,0.0024689647252336133,-0.004937504400757353,-0.002487286757506202
2023-01-03,-0.03740464480867811,-0.0010008532928378333,0.010087216433503743
2023-01-04,0.010314182148753348,-0.04374322827676025,-0.011669553747501005
2023-01-05,-0.01060471563433496,-0.02963765805913965,-0.02134437644067
2023-01-06,0.036794054794842435,0.011785277185539789,0.013225033565430921
2023-01-09,0.004088767842673757,0.009736454639488024,0.007785788227685053
2023-01-10,0.00445642112983724,0.007617086858946909,0.0045444006411130555
2023-01-11,0.021112422039406997,0.030238021797314385,0.03505986608849865
2023-01-12,-0.0005993149792734576,0.011621452538933985,-0.004261419743638917
2023-01-13,0.010119157476042862,0.003018921376449102,0.010863712703230943
2023-01-17,0.008756358321138302,0.004681712348705291,-0.009010053847698374
2023-01-18,-0.005369960353776793,-0.018889100057533748,-0.0018619955830676549
2023-01-19,0.0004437683131590653,-0.01645399632517275,0.021180785407377112
2023-01-20,0.019220516266001297,0.0357435987593,0.05341203531212546
2023-01-23,0.02350070662211312,0.009824202238458257,0.01805766840152323
2023-01-24,0.010062953980305211,-0.002226025825724731,-0.020944030396025104
2023-01-25,-0.004700806689139081,-0.0059082309932295685,-0.02538385179747782
2023-01-26,0.014803256640191886,0.030713713300154488,0.024154558609915888
2023-01-27,0.013684473969211464,0.0006452275915087569,0.01897057745987918
2023-01-30,-0.020077914548197406,-0.021961736539339527,-0.024454046341934044
2023-01-31,0.009020941424841888,0.021012694393097497,0.019599660247536566
2023-02-01,0.007900685422354226,0.019934839717239194,0.016086600300374565
2023-02-02,0.037062304356638265,0.04688413378979717,0.07278707016423658
2023-02-03,0.024400012256935222,-0.023620434496292475,-0.027473604649257632
2023-02-06,-0.01792877629971701,-0.006115925251543364,-0.017942258224508678
2023-02-07,0.01924471536375516,0.04202202119294096,0.04606402790681585
2023-02-08,-0.017652829159060413,-0.0031017796392308616,-0.07683008567875604
2023-02-09,-0.00691134692568629,-0.011660189237739815,-0.04387641656608976
2023-02-10,0.0024559014475804553,-0.0019721783127002457,-0.004631182823755631
2023-02-13,0.01880684111824782,0.03124286946469268,0.00042307878972036583
2023-02-14,-0.004225008511407502,0.00313293123996905,0.0007398516808303501
2023-02-15,0.013903497129755582,-0.007993031352507063,0.02386989534217765
2023-02-16,-0.010429242375934566,-0.02662277168095295,-0.014751505339668514
2023-02-17,-0.007546659084264218,-0.015601673998288157,-0.012145317583376114
2023-02-21,-0.02668001383951424,-0.0208865734208753,-0.027132858122050463
2023-02-22,0.002896056185340168,-0.004591062548002789,-0.0015252468021742516
2023-02-23,0.0032905380293957176,0.012961822705724213,-0.008292595301870431
2023-02-24,-0.018005133551253105,-0.02178451267731152,-0.019363944539622646
2023-02-27,0.008247559756781042,0.0037718758517566453,0.008302475147686117
2023-02-28,-0.0034480884231388176,-0.002958173973979017,0.0021141464881895278
2023-03-01,-0.014245867900543607,-0.01262929391728096,0.0033310970914197657
2023-03-02,0.004129206710983047,0.019653276442585188,0.01814957353054969
2023-03-03,0.03508999798931489,0.01664605162089927,0.017934825454971604
2023-03-06,0.018539589282796642,0.006189100187929952,0.015803516145066476
2023-03-07,-0.014496753507335702,-0.010589095722893349,-0.013350066501029323
2023-03-08,0.008377530659365862,-0.0017705285065783283,0.004155015133194384
2023-03-09,-0.014914882930904372,-0.005439516362286345,-0.02047754666186319
2023-03-10,-0.013878526740219277,-0.014782794518780729,-0.018305801747809602
2023-03-13,0.013265833277300354,0.021440789626987478,0.005296302911264483
2023-03-14,0.014089287126379357,0.02705573620738244,0.031390615795410914
2023-03-15,0.002621334311554868,0.017830573111102144,0.022773234380492724
2023-03-16,0.018694072952268215,0.04053672813853648,0.043804018932730004
2023-03-17,-0.005453941588549949,0.011694115056642529,0.012958472020818457
2023-03-20,0.01548366001423207,-0.025766806791576724,-0.003936214830502771
2023-03-21,0.01194420904557214,0.005693757882484274,0.03655402272442054
2023-03-22,-0.009103443331053174,-0.005442113586678454,-0.01477320193210141
2023-03-23,0.006969584520769567,0.019721511825538274,0.021572987923572873
2023-03-24,0.008305381689240665,0.010480439030725597,-0.0015150428234903535
2023-03-27,-0.012293242698729334,-0.014933908810398466,-0.028262663087841644
2023-03-28,-0.003980295285999302,-0.004161019520582565,-0.013956550223999664
2023-03-29,0.019790702111490477,0.019184148915833088,0.003563251048752436
2023-03-30,0.009889927080422467,0.012619598351062411,-0.0049314300715721515
2023-03-31,0.015644185949689637,0.01496231755948263,0.028149521883536366
2023-04-03,0.007701747977557627,-0.0037112391356458607,0.006073379703878112
2023-04-04,-0.003249663099374356,-0.0001742068532825103,0.003449699337220391
2023-04-05,-0.011290331597759273,-0.00988944860143004,-0.002387417268779668
2023-04-06,0.005495938266207645,0.025533017469510977,0.03780990707902809
2023-04-10,-0.015972366650992553,-0.007578883638631018,-0.01826235635904494
2023-04-11,-0.0075909054671911,-0.022668473653316812,-0.010240457059426444
2023-04-12,-0.004353357620280995,0.0023335258445482676,-0.006739416069295623
2023-04-13,0.034103579589462196,0.022399392059700096,0.02666285940868618
2023-04-14,-0.0021140511928696704,-0.012765472709238335,0.013404114560709557
2023-04-17,0.00012106418783996986,0.009295923281902985,-0.026637289554640398
2023-04-18,0.007504790843499531,-0.0014888948064200047,-0.013871908646230113
2023-04-19,0.006968018978910084,0.00027745680678226137,-0.0030622749234541224
2023-04-20,-0.005846137755996406,-0.008112283706173784,0.010654742407987694
2023-04-21,-0.00978101143394583,-0.0012232447772724253,0.001139718644397325
2023-04-24,0.0018785620503904976,-0.013962808595982423,0.005312607830546323
2023-04-25,-0.009435686521968023,-0.02253601145346984,-0.020005727572656395
2023-04-26,-6.106434589481236e-05,0.07243481821545528,-0.0013481215539885572
2023-04-27,0.028395335492265694,0.03202750538634169,0.03741197554430964
2023-04-28,0.007541043847764328,0.00797165515978615,-0.0023235184279600807
2023-05-01,-0.0005303461502290663,-0.005532772322976887,-0.0013042893178412118
2023-05-02,-0.006191443619114834,-0.0004907613265436872,-0.01753736069190337
2023-05-03,-0.006467269269995635,-0.003307248243354932,0.0008546002005800357
2023-05-04,-0.00991354084390994,0.003318222428653206,-0.006830526987425922
2023-05-05,0.04692707923169026,0.017157011305256598,0.008405789302633027
2023-05-08,-0.00040358264735096405,-0.00643793645289803,0.02083915706679118
2023-05-09,-0.009971066233490422,-0.005346039985662077,-0.0038971138026882013
2023-05-10,0.01042090160484177,0.01729640129431642,0.04098744978799851
2023-05-11,0.0010947778686634102,-0.007043989729785816,0.043131942190834716
2023-05-12,-0.0054175409375499806,-0.0036762831610406277,0.008063879483604541
2023-05-15,-0.0028973597169923426,0.0015859159086586416,-0.008509939845657066
2023-05-16,0.0,0.007367609657002561,0.025748941480055798
2023-05-17,0.003603226620921385,0.009451768531354654,0.011128742855884166
2023-05-18,0.013665948459927968,0.014394749265442597,0.01646803732419766
2023-05-19,0.0006285242235384292,-0.0005651205605123888,-0.0005699344428549136
2023-05-22,-0.005480801007118785,0.00892125847417824,0.018654317734987824
2023-05-23,-0.015154911883360489,-0.018431903950109962,-0.01991205953044406
2023-05-24,0.001631976425230608,-0.004472651422996576,-0.013544298946119637
2023-05-25,0.006692246181817074,0.03845797213306623,0.02133990090867055
2023-05-26,0.014104892189866769,0.02138552773314828,0.009151255659087143
2023-05-30,0.010659570711086142,-0.005046587790341062,-0.007543587168670762
2023-05-31,-0.0002819803434318535,-0.00851433898638454,-0.006468736683920229
2023-06-01,0.016022548791837732,0.012759249526303584,0.006917879639625868
2023-06-02,0.004775282894070809,0.008479080043577891,0.007678562322505966
2023-06-05,-0.007571043528666888,0.0016102224825536027,0.010748474035094713
2023-06-06,-0.002060367709726396,-0.006727503850950001,0.010316593088527615
2023-06-07,-0.007756262512060075,-0.030867933360639976,-0.03778186403728101
2023-06-08,0.015465212653499316,0.00581363309947891,-0.0029387370072223584
2023-06-09,0.002159769515337695,0.004703891251088166,0.0007369124981289055
2023-06-12,0.01563861451614912,0.015483823242805617,0.011535582010673284
2023-06-13,-0.002611639518445341,0.007353028388070726,0.0015367062032525247
2023-06-14,0.0034914161506076624,0.009123615581032807,-0.0012921252382795956
2023-06-15,0.011198791002762887,0.03189668731460227,0.011482130185505701
2023-06-16,-0.005860056113301759,-0.016575749940570983,-0.012471001132037252
2023-06-20,0.0004867161089114891,-0.01250249757530364,-0.00348093859152121
2023-06-21,-0.005675314530962705,-0.013282098174724588,-0.020714802853984082
2023-06-22,0.01652529206447695,0.01843740877089073,0.021567841965368206
2023-06-23,-0.0017110957911180558,-0.013806001637598153,-0.006577382718216063
2023-06-26,-0.007553052786419379,-0.019162809457489938,-0.03269574081202764
2023-06-27,0.015059028025886656,0.018168017234858613,-8.45083759279941e-05
2023-06-28,0.006327788715859928,0.0038258216887898655,0.015634203345893383
2023-06-29,0.0017963735388535351,-0.0023821983755279996,-0.008986466239937263
2023-06-30,0.023102718553603463,0.016385815166184425,0.00503776000055689
2023-07-03,-0.007784678917947319,-0.007488197534064156,0.0016708360624360097
2023-07-05,-0.005871464393171544,0.00047323971971291456,0.015429549509619278
2023-07-06,0.0025087188956514073,0.009226788150755505,-0.013470188675058448
2023-07-07,-0.0058912016280449064,-0.011867490301739725,-0.005245250477580177
2023-07-10,-0.010855825976374911,-0.015983520377853444,-0.02535992364933759
2023-07-11,-0.0028099690698306645,0.0019285661849657298,0.0059253220004298335
2023-07-12,0.008985462261664967,0.014226991078219342,0.015280848991966467
2023-07-13,0.004057422917207676,0.01619209153371237,0.04717065210257387
2023-07-14,0.000787321200681923,0.007529330853071725,0.007065957731084094
2023-07-17,0.017305581040793383,0.0014194395350357603,-0.006139325099548398
2023-07-18,-0.0013403191041511109,0.039799666888382434,-0.007139952627727708
2023-07-19,0.007071754904167893,-0.012267356541311392,-0.0139786834736082
2023-07-20,-0.010097378809691637,-0.02312145438447466,-0.023191054886915863
2023-07-21,-0.00616159327786725,-0.008937203873089161,0.006879111227869661
2023-07-24,0.004219993359715124,0.0038979727692745048,0.012581313468918331
2023-07-25,0.004513689386977049,0.017009247883307044,0.005595350878417227
2023-07-26,0.004544827176694355,-0.037637602652863866,0.05776937055413889
2023-07-27,-0.00658101586701898,-0.020872262338053393,0.0010056602677983584
2023-07-28,0.013508211512540447,0.0231314463240484,0.024574954429534612
2023-07-31,0.0031657329593361982,-0.007240560695567222,0.0010560423778540606
2023-08-01,-0.004275856442183645,0.0012502206176703279,-0.00881566628132846
2023-08-02,-0.015489958728109765,-0.02628284999186359,-0.024097290225375767
2023-08-03,-0.007321573605746812,-0.002565011277816609,0.0005451760469050715
2023-08-04,-0.04801995627008071,0.003428715097579804,-0.0026468965439769843
2023-08-07,-0.01725385261520207,0.007108292465781041,0.026695938202901504
2023-08-08,0.005311625532683495,-0.012298831948947986,-0.0009886139587949039
2023-08-09,-0.008954136706757598,-0.011715884292810452,-0.013241798480880584
2023-08-10,-0.0012348103921269171,0.0021723235629107496,0.000231331851104688
2023-08-11,0.0003376394267247118,-0.005945537262513456,-0.001002403448390976
2023-08-14,0.00939314583515305,0.009438879715445214,0.013661721103406688
2023-08-15,-0.01120038133045087,-0.00672761476354744,-0.011802303842437412
2023-08-16,-0.004959049419543282,-0.002428547025764116,-0.008321901629866346
2023-08-17,-0.01455530042267339,-0.010986195850753333,0.009479377877436024
2023-08-18,0.0028163363073514525,-0.0012622260150705333,-0.01893467815466021
2023-08-21,0.007736757261953109,0.017062710569690998,0.007139347401432072
2023-08-22,0.007904842546473834,0.0018018116696056907,0.005531107712687611
2023-08-23,0.021948992365397935,0.014079359055401586,0.02548806296524808
2023-08-24,-0.026170528170046392,-0.021498454945144907,-0.019566327631097336
2023-08-25,0.012643074567883605,0.009407120500200206,0.0007704719749985767
2023-08-28,0.008846101580879173,0.002229153536396966,0.008700315988328766
2023-08-29,0.021810254450548516,0.014550614109157145,0.027173583187477535
2023-08-30,0.01917235677825091,0.0011570766106761,0.009734670346692953
2023-08-31,0.0011723731345292254,-0.0031327336569692,0.002134107490964654
2023-09-01,0.00846325013775262,0.0027458049808524176,-0.003745306952502192
2023-09-05,0.0012668597135037096,0.014878680277799594,0.0008109657689165939
2023-09-06,-0.03579334035992354,-0.0020085854673839165,-0.009648744151633859
2023-09-07,-0.02924946576971399,-0.008922251315297003,0.005949583289428295
2023-09-08,0.003491703401366175,0.013215556328828093,0.00828060709396028
2023-09-11,0.006622580052498606,0.0109793411303587,0.0039594724170148865
2023-09-12,-0.01706046193454469,-0.018257824020186053,-0.011539744352245251
2023-09-13,-0.011854828029654652,0.012930703803118115,0.010122761593709395
2023-09-14,0.008782400390843215,0.007855803796689598,0.010167511526480766
2023-09-15,-0.004153951946854084,-0.02503696906195141,-0.0050688229264366225
2023-09-18,0.01691332723365524,-0.003512704767686392,0.005895342669236525
2023-09-19,0.0061808730379391275,-0.001245956304593454,-0.0012301564251183672
2023-09-20,-0.019992115093167673,-0.023976915642138663,-0.03115030407586994
2023-09-21,-0.008889449400519056,-0.0038657087769088383,-0.02467479893619917
2023-09-22,0.004944464260921766,-0.007886567689433965,-0.0014567723202196792
2023-09-25,0.007380337309864871,0.0016718391537959842,0.006602810973587614
2023-09-26,-0.023398479889411572,-0.017005656182965234,-0.019372921837680912
2023-09-27,-0.008897314417839808,0.0020823510027179193,0.015322242879786563
2023-09-28,0.001525441835847463,0.002717438591661958,0.013559041809054317
2023-09-29,0.003046417150681213,0.006727558862565708,-0.010959032523707668
2023-10-02,0.014835685579292823,0.01916060369178285,0.02529421411172006
2023-10-03,-0.007769886084307287,-0.026134256967863423,-0.012968642115566031
2023-10-04,0.007308746767176855,0.01777331769123225,0.021218839223701158
2023-10-05,0.00719802108924994,0.0012540918698409342,-0.0012570583970876736
2023-10-06,0.014750281070239346,0.024737049494532037,0.01858287639660805
2023-10-09,0.00845109895503282,0.007822475100448312,0.006105644622317552
2023-10-10,-0.003351938590270054,-0.004335561610274263,-0.0026008568089317396
2023-10-11,0.007903918881214,0.012271956223731895,0.01803565948703345
2023-10-12,0.0050612387027986205,-0.003790238489174147,-0.01124148825513549
2023-10-13,-0.010292770608728352,-0.010357563240082746,-0.011585240780568884
2023-10-16,-0.0007268131669356803,0.014981764677905574,0.012667462268780127
2023-10-17,-0.008784852620277728,-0.0017437139368253751,0.004457215148748972
2023-10-18,-0.007394699767231283,-0.005872484393485977,-0.01259676061639392
2023-10-19,-0.002161133694097095,0.0036654590560025735,-0.001522123362090122
2023-10-20,-0.014704046750923294,-0.014034693055554937,-0.015607941594191543
2023-10-23,0.0006940450648553753,0.008112099701403253,0.006637193937808483
2023-10-24,0.002543304138892033,0.003674251950475993,0.016923116023307205
2023-10-25,-0.013491602334315678,0.030678122611999648,-0.09509406357751238
2023-10-26,-0.02460572709692843,-0.03751439458758965,-0.026510645398823418
2023-10-27,0.007969380374589274,0.005855678092107075,-0.0008995140891548958
2023-10-30,0.012305397688674446,0.022740232314051312,0.01874427834741965
2023-10-31,0.0028187660333811593,0.002371735963477395,-0.003053163400421166
2023-11-01,0.018738682454781275,0.0235426973906685,0.019100535194536805
2023-11-02,0.020693109695642642,0.0065015905675327446,0.008224702684257235
2023-11-03,-0.0051809649743365105,0.01286165125780614,0.01262844844453137
2023-11-06,0.01460507903577124,0.01057247413619744,0.008907573476631292
2023-11-07,0.014450829576232671,0.011219310061744814,0.005528112917896566
2023-11-08,0.005884759446490584,0.0074058201404956225,0.006642693617184392
2023-11-09,-0.0026244022281415313,-0.006910723691795684,-0.012135981958739772
2023-11-10,0.02321998808461201,0.024896587541048287,0.01804355789434986
2023-11-13,-0.008583666567659742,-0.008088177101119864,-0.0037709483462737836
2023-11-14,0.014285694086346279,0.009790369745675154,0.011582975239054605
2023-11-15,0.003041059261171375,0.0004059293753047033,0.007483989998523732
2023-11-16,0.009041969043273923,0.01758330240003958,0.017159336960984817
2023-11-17,-0.00010540857815166671,-0.01680064010565152,-0.0118307070151763
2023-11-20,0.009278229221463041,0.02052177619675244,0.006946829949407984
2023-11-21,-0.00423085038021298,-0.011578165887230485,0.005284447006645987
2023-11-22,0.0035144047135868828,0.012812606824808448,0.011097336397192237
2023-11-24,-0.007004113511679511,-0.001111544848849788,-0.0129973787330111
2023-11-27,-0.0009476214232995162,0.003126468611466926,-0.002048466255670789
2023-11-28,0.0032141328223158627,0.010802682243141515,0.005791388481590554
2023-11-29,-0.005409716257911978,-0.010060112602355398,-0.016107859365726007
2023-11-30,0.003062742886168035,0.00015837296866716422,-0.018223522406960013
2023-12-01,0.006791274652022672,-0.011612178647047555,-0.005055534082868407
2023-12-04,-0.009464563144641613,-0.01433888628559632,-0.01964200711543429
2023-12-05,0.02106313805192883,0.009156357139064708,0.01330561325623858
2023-12-06,-0.005686985802958566,-0.009985975656284563,-0.007405151344413885
2023-12-07,0.010139339391660451,0.005829846837432262,0.05314554225623902
2023-12-08,0.007412303434708889,0.008842185628072485,-0.014167836090662855
2023-12-11,-0.012927315471546463,-0.00782952171910023,-0.012593524376492748
2023-12-12,0.007920224089279282,0.008295290186364213,-0.005776660885015272
2023-12-13,0.01669144349887608,-2.6875528545189376e-05,0.0003772707628364458
2023-12-14,0.0007577339290953944,-0.02254455769110908,-0.004752374682069238
2023-12-15,-0.002725745696895432,0.013117429600184138,0.005002401902162168
2023-12-18,-0.00850338786499083,0.005178936295037628,0.024132615473379637
2023-12-19,0.0053601874437454455,0.001636913746721147,0.006259034409542341
2023-12-20,-0.010713870393972313,-0.007073018566270628,0.012367413366547897
2023-12-21,-0.0007699860085021992,0.00787880513976913,0.015035507423270644
2023-12-22,-0.005547539653057654,0.002784237269201739,0.007620055001785753
2023-12-26,-0.0028408488693331124,0.000213571109168198,0.00021209864941429402
2023-12-27,0.0005179243629789276,-0.001574832987548902,-0.008126157075477258
2023-12-28,0.002226359581781523,0.003234832360666795,-0.0009974360393183446
2023-12-29,-0.005424308955425672,0.0020250586512844393,-0.0038507661194320253
2024-01-02,-0.03578652451445463,-0.013748610139532214,-0.0108811429090101
2024-01-03,-0.0074877105716779635,-0.0007278466765093805,0.005427986962077025
2024-01-04,-0.012700022348795859,-0.007177668063208076,-0.018211853389812238
2024-01-05,-0.004013186328499785,-0.0005163012363967878,-0.004839188184173948
2024-01-08,0.024175038466631937,0.018871473196376387,0.022913151080204086
2024-01-09,-0.0022634175725030348,0.002935823012730543,0.015197506891549306
2024-01-10,0.005671422144407412,0.018574160716142485,0.00943583318694552
2024-01-11,-0.003222618843202296,0.004859201838825156,-0.001405564624739175
2024-01-12,0.001778141743322692,0.009983715417328787,0.004011735287269724
2024-01-16,-0.01231709360705091,0.00463353151373469,-0.0011215996768312309
2024-01-17,-0.005173565297805216,-0.0020498492981164684,-0.007158267002809748
2024-01-18,0.032570755314289546,0.011297408207617154,0.014207734350306422
2024-01-19,0.015533012254948853,0.012186759318457918,0.020211945013221877
2024-01-22,0.012163229012014831,-0.005417901409569437,-0.0026642284596353205
2024-01-23,0.006653350136356151,0.006027472071129969,0.0071923186881786005
2024-01-24,-0.0034839240608505184,0.009175170835175495,0.011289318700995477
2024-01-25,-0.0016966852996482817,0.005738313873386858,0.021317925085159617
2024-01-26,-0.009012623277128262,-0.002321641271928576,0.002107217634807812
2024-01-29,-0.003586057471178017,0.014334146837191808,0.008673389572385393
2024-01-30,-0.01924583302903049,-0.0027581132287815002,-0.013354092388796257
2024-01-31,-0.019357437538413014,-0.026946226066693946,-0.07500323302903
2024-02-01,0.013340436229638986,0.015594319311505789,0.007566021077571206
2024-02-02,-0.005405021243265917,0.018425905818578725,0.008642644688204859
2024-02-05,0.009846567620408697,-0.013545120668058797,0.00913039873583732
2024-02-06,0.008631755708136124,-0.0003944260837986935,0.0029231597133227982
2024-02-07,0.0005811246145694948,0.021110274096524773,0.00999292884810532
2024-02-08,-0.00575479926368172,0.00014483453195146545,0.002542387361323506
2024-02-09,0.004094020118811548,0.015551470599195705,0.02117743994935073
2024-02-12,-0.00900190340310525,-0.012578756207842212,-0.00986581364322403
2024-02-13,-0.011274392436065539,-0.0215286127413159,-0.016199963250006277
2024-02-14,-0.004809696911775685,0.009665278526403975,0.005511787706011129
2024-02-15,-0.0015747741373253188,-0.007155228617784837,-0.02172108710091869
2024-02-16,-0.008430410829319057,-0.006149053685726824,-0.015759618854128132
2024-02-20,-0.00411379351023311,-0.0031430695141851928,0.004269725249089973
2024-02-21,0.004185913472802394,-0.001514461188423355,0.01013324370289026
2024-02-22,0.011244026692386333,0.023546712569522343,0.010803144318778823
2024-02-23,-0.010034188879613493,-0.003182406747863742,-0.000902225745851637
2024-02-26,-0.007451329809423535,-0.006823507153695063,-0.044387175225576225
2024-02-27,0.008114493837887649,-0.00014733003431977032,0.009522273946556803
2024-02-28,-0.006625457363585219,0.0005890289557894945,-0.018001014437440954
2024-02-29,-0.0036931277075370472,0.014519769891825574,0.015251476247949203
2024-03-01,-0.006030309003652867,0.004496600793233885,-0.009533461071423499
2024-03-04,-0.025381344770123326,-0.0013959177838753778,-0.027636025725017443
2024-03-05,-0.028440886072864324,-0.02957198120008253,-0.005099384997984346
2024-03-06,-0.005878331602006015,-0.0013906580920639566,-0.009572793716685513
2024-03-07,-0.0007095454697286785,0.01753339266060605,0.022679081332196205
2024-03-08,0.010236717913688631,-0.0071369522433955,0.007664755285047509
2024-03-11,0.011831636484480157,-0.004184907350282985,0.016690009720761845
2024-03-12,0.0027785427330684342,0.026599424116158232,0.006029066227294377
2024-03-13,-0.012122574658724461,-0.00043338137471959914,0.00931391917540636
2024-03-14,0.010927398556672463,0.024379625598606847,0.02367849204005723
2024-03-15,-0.0021966931232306752,-0.020695229295026207,-0.013417407069269305
2024-03-18,0.006372482627919451,0.0021612707153217947,0.046040691461716854
2024-03-19,0.01358503624199181,0.009800637253287947,-0.00440157003814079
2024-03-20,0.014709199101506032,0.009064828016969617,0.011630441773038847
2024-03-21,-0.04085746364987308,0.009735839006849378,-0.00766431448117344
2024-03-22,0.005310260247630705,-0.0014672027205062665,0.02147690065786856
2024-03-25,-0.008300450762396827,-0.013714636037173933,-0.004642659298956464
2024-03-26,-0.006672471003027036,-0.0028614847446370995,0.003998012756694536
2024-03-27,0.021212629398911664,-0.0005217430440714876,0.001327398060382956
2024-03-28,-0.01055920883348338,-0.0016847624939573258,0.0003976203015076951
2024-04-01,-0.008455820248223667,0.009151015777982163,0.030212725708322896
2024-04-02,-0.006998795253820078,-0.007372222002121953,-0.005981079117578281
2024-04-03,0.004797488278584838,-0.0023489771233137224,0.0023291618572831574
2024-04-04,-0.004892304512770229,-0.006112532049889374,-0.028337318215552187
2024-04-05,0.004501712272869662,0.01828265671122442,0.013087272994632748
2024-04-08,-0.006663511627448049,-0.002185422207266252,0.015409889760685358
2024-04-09,0.007242601496892487,0.00398019249109427,0.011301230571611143
2024-04-10,-0.011139317284344474,-0.007084502653156299,-0.002937435764728713
2024-04-11,0.04327084687832761,0.011033421100037577,0.020942729046260045
2024-04-12,0.008626750002367789,-0.01409111904225746,-0.010538755006951006
2024-04-15,-0.021863636509869666,-0.019578049656190255,-0.018195743802899567
2024-04-16,-0.019167034609894107,0.002272393984304122,-0.0029705398337616096
2024-04-17,-0.008147471979867094,-0.006609042513665453,0.006930204045679567
2024-04-18,-0.005714388053897124,-0.018380835972645948,0.0034731941429331226
2024-04-19,-0.01221256498235157,-0.012739035033908497,-0.012306906071422707
2024-04-22,0.005090837571588791,0.004610092649539821,0.014212453000969516
2024-04-23,0.006391783209581892,0.016485552984376595,0.012669598101622936
2024-04-24,0.01270228361127379,0.0036556171732902154,0.005497340176597421
2024-04-25,0.005147224442345388,-0.024494997040248156,-0.019669375758929797
2024-04-26,-0.003472824295999488,0.01824372503067262,0.10224342662773211
2024-04-29,0.024807956811352616,-0.010016755374339992,-0.03373075989842289
2024-04-30,-0.018270896283629545,-0.032119412843047424,-0.020282724576587086
2024-05-01,-0.00604700815223147,0.014409423485377326,0.006634728210198171
2024-05-02,0.022031911643857427,0.00734285797193146,0.016843455232039117
2024-05-03,0.05981615244160543,0.022169767270061147,0.003721310655323107
2024-05-06,-0.009106763974690457,0.016918332602664732,0.005142129777762072
2024-05-07,0.0037972273178015215,-0.010156245402208053,0.0187388736567915
2024-05-08,0.001864079179896061,0.002931536520403455,-0.01091964393038336
2024-05-09,0.01001423452567618,0.004335825520017655,0.0034242279899281414
2024-05-10,-0.006890083858380414,0.005869188809711101,-0.00770775470154883
2024-05-13,0.017645289268712228,-0.0024593473062054505,0.0029054984843113196
2024-05-14,0.006173455204243616,0.006864562736430768,0.007094590394109979
2024-05-15,0.012218072402186309,0.01748381274306965,0.012739200764180891
2024-05-16,0.0006324534685713257,-0.004939888800713943,0.009680629886507752
2024-05-17,0.0001579528662509766,-0.0018527339476535065,0.010793417965335061
2024-05-20,0.006162176311344636,0.012208193755065544,0.004884789468677875
2024-05-21,0.006857240711112267,0.00869884212091021,0.0052565149628558405
2024-05-22,-0.0075384323685394605,0.003449587272307486,-0.008265255296199592
2024-05-23,-0.021058037347265635,-0.008176176729875029,-0.01604497138419625
2024-05-24,0.01658811004566063,0.00740046650183257,0.008297476898703193
2024-05-28,5.2612157297682316e-05,0.0003720269211948679,0.008057437609749973
2024-05-29,0.0015790885746043148,-0.002672395256091087,-0.0028345845772458356
2024-05-30,0.0052551419724566895,-0.0337861527081853,-0.021546188312005055
2024-05-31,0.0050185822661372725,0.0011093459597604216,0.0022660222947268327
2024-06-03,0.009258771955005907,-0.0038783713240531092,0.003884115464515725
2024-06-04,0.0016491583666877752,0.006166596949161995,0.0035802001079139334
2024-06-05,0.007820940061992632,0.019083376496521032,0.00932164900338317
2024-06-06,-0.0070965437857087865,0.001202690958466368,0.007525068831758297
2024-06-07,0.012392055186017492,-0.0015782157404329311,-0.012844207065186852
2024-06-10,-0.01914785422677734,0.009484480313962651,0.0043036445037596405
2024-06-11,0.07264921475444486,0.011241670839990947,0.00919953569963905
2024-06-12,0.028578463281793143,0.01936776652924599,0.0066243499530520555
2024-06-13,0.005491066575234127,0.0011789280811340674,-0.014792666967071155
2024-06-14,-0.008168470783271542,0.002241984612523007,0.009305627906011749
2024-06-17,0.019671564393159757,0.013105246858400532,0.002545650772307395
2024-06-18,-0.010984543414208958,-0.004527516081347827,-0.012130603759332281
2024-06-20,-0.021512861044404752,-0.0014338875328397949,0.006910794902105444
2024-06-21,-0.010444359406920345,0.009154124558355958,0.018888360694774065
2024-06-24,0.0031326728319243102,-0.0046910855904848114,-0.0022825351957349582
2024-06-25,0.004468089368858008,0.007326737529347982,0.02683839089256912
2024-06-26,0.019993280456893636,0.0026831831511346937,-0.0008150837229204955
2024-06-27,0.003986054560092267,0.0015260840746573745,0.008320752726770797
2024-06-28,-0.016254252755542153,-0.01302858159517617,-0.017582702202770584
2024-07-01,0.029104576415980965,0.021881662076925323,0.004611680212730285
2024-07-02,0.01623998633547874,0.005583124128331285,0.012295740266909272
2024-07-03,0.0058110081561513205,0.0032441523972259745,0.0031310201180891895
2024-07-05,0.021620388828773818,0.014736146750000234,0.025723825010460777
2024-07-08,0.006538849947542724,-0.002823058248867305,-0.00823710506321118
2024-07-09,0.0037748692677810336,-0.014370336463848221,-0.0002645079916129278
2024-07-10,0.0188036342403739,0.01460160226086904,0.011641349748472418
2024-07-11,-0.023220852582108265,-0.02477213345218443,-0.029343948225214134
2024-07-12,0.013050801958017777,-0.0025291074596091034,-0.0026943980069551454
2024-07-15,0.016743338476410186,0.000903935005635681,0.007888798593636448
2024-07-16,0.0017918093703710447,-0.009780601510075093,-0.013992438781179506
2024-07-17,-0.02529598770767716,-0.013347565300024344,-0.015767626483563446
2024-07-18,-0.02053475218043388,-0.007102214324170575,-0.018395771622843227
2024-07-19,0.0005798896855608859,-0.007402942350455799,-0.00016886769936264034
2024-07-22,-0.0015603524096000632,0.013337681086009523,0.022571163175411302
2024-07-23,0.004688441192898685,0.0043120490564139136,0.000660588331260259
2024-07-24,-0.028754401089986392,-0.035854785743196005,-0.05038782573667655
2024-07-25,-0.004804508666368168,-0.02448129245725794,-0.03099110573464292
2024-07-26,0.002160980729152273,0.016419744057963426,-0.0016738751823668352
2024-07-29,0.0012846631337550818,0.0034331656762396356,0.015149722023575452
2024-07-30,0.0025660297836471724,-0.008928349447999029,0.004482959652368335
2024-07-31,0.0149907549677597,-0.010805944185478977,0.007340411882418296
2024-08-01,-0.016750784144615838,-0.0029640135108384147,-0.004546986239536643
2024-08-02,0.006869502618187084,-0.02066593698286312,-0.02401028142371464
2024-08-05,-0.048167041030217295,-0.03265691807223914,-0.04446189580330495
2024-08-06,-0.00974823743937936,0.011286906926481821,-0.006028232396634192
2024-08-07,0.012498256003969921,-0.0029527987755092466,0.00410647981863832
2024-08-08,0.0166332341011437,0.010691997534195252,0.019441200423149452
2024-08-09,0.013736047737561208,0.008269295283242384,0.01012168601652208
2024-08-12,0.007129894150092353,0.0019455837906392492,-0.008431722161335031
2024-08-13,0.01719309508373512,0.017698870875580752,0.011522628612760988
2024-08-14,0.002033652178973888,0.006883799076881525,-0.023087227360210072
2024-08-15,0.013530556893823542,0.011823776162078081,0.005799026363226378
2024-08-16,0.0059185060327426875,-0.006080336587509283,0.01029144878001853
2024-08-19,-0.0007078736755057324,0.007312388030502381,0.022766281072107653
2024-08-20,0.0027447671584552857,0.007757473508090973,0.003060009412866105
2024-08-21,-0.0004856494770817399,-0.0015535990965712676,-0.00795552543676148
2024-08-22,-0.008259782063062548,-0.020252821564565204,-0.012360646656462748
2024-08-23,0.010288234794268769,0.0029840087094406,0.01111106326791056
2024-08-26,0.0014987735006477543,-0.007917725066265868,0.0032606765609930477
2024-08-27,0.0037416296606247457,0.0008464495147280093,-0.00890710472773426
2024-08-28,-0.006753569810234228,-0.007829081399155835,-0.01111239287101895
2024-08-29,0.014570230856002508,0.006137302003343947,-0.006570606837020154
2024-08-30,-0.0034379157082934375,0.009730925010755342,0.009890153840729887
2024-09-03,-0.0272052316338659,-0.018459092644414477,-0.03684662868245747
2024-09-04,-0.008618798216920798,-0.0013188192987398928,-0.0057829894501926216
2024-09-05,0.006927789345394286,-0.0012472172394339953,0.005049550750317433
2024-09-06,-0.007015016202747026,-0.016381392970857944,-0.040193349639851106
2024-09-09,0.000407600932198271,0.01000748951250463,-0.013335957191156766
2024-09-10,-0.003621442968199662,0.0209011550048952,-0.00033629376877297723
2024-09-11,0.011585157152198988,0.021342250603919588,0.01681694592593841
2024-09-12,0.0004940468183631808,0.009360811139688785,0.023352703087639703
2024-09-13,-0.0012120990498144524,0.008407459571558196,0.017906848750975035
2024-09-16,-0.0277752276183596,0.0017417983702818773,0.0038103971728589148
2024-09-17,0.0021726344330386116,0.008833047286382678,0.00797162432671672
2024-09-18,0.017989823547219563,-0.009973610345929473,0.0030755482477111684
2024-09-19,0.037065589970024515,0.018291120588624254,0.014579871374422959
2024-09-20,-0.002927471877543386,-0.0077959837616267125,0.008942927885974727
2024-09-23,-0.007581060072150869,-0.0040433943271039885,-0.010636299365685886
2024-09-24,0.003974050214777591,-0.010011270601135824,0.0027184803303275107
2024-09-25,-0.004398088051331017,0.006850271342984993,-0.004929419989979866
2024-09-26,0.005080150944784867,-0.0018513213032376186,0.007678475000628238
2024-09-27,0.001186659156722225,-0.00762790344142783,0.007497074763264111
2024-09-30,0.02287197503279237,0.005326837511877125,0.011589033324775011
2024-10-01,-0.029141649798901215,-0.022333200099957096,0.006873538179814176
2024-10-02,0.0025198049220844787,-0.008462275870996017,-0.0067668291129902025
2024-10-03,-0.004894601650727859,-0.001414456301203737,0.0
2024-10-04,0.005007360712360631,-0.0011524165596025204,0.007234930996869782
2024-10-07,-0.02253080224617343,-0.01567074720077488,-0.024422275021305895
2024-10-08,0.018403988013084405,0.01262379883230813,0.008589986613642298
2024-10-09,0.016698390930421247,0.006631173294583181,-0.015330363449771012
2024-10-10,-0.002178321650331827,-0.0038805957418522885,0.001359156325965838
2024-10-11,-0.006505307670533589,0.0011542827270007994,0.007157085639489136
2024-10-14,0.01647988379380183,0.006773712195424775,0.010536597573957085
2024-10-15,0.011024615070921673,-0.0009543411022064907,0.0030311021677476013
2024-10-16,-0.008851871910463549,-0.006256901776179213,-0.0018132209376350295
2024-10-17,0.0015963822031264119,0.0014418640574331842,-0.013502175033654584
2024-10-18,0.012276587983950815,0.0034556829089582575,0.003007592286195848
2024-10-21,0.006297837481610502,0.001482618269950331,0.003977546958244815
2024-10-22,-0.002621786652095004,0.020846284380701574,0.006521505606654321
2024-10-23,-0.021623006734260097,-0.006806863644950534,-0.014290941250845846
2024-10-24,-0.0008233514358285676,0.0003061670281028217,-0.00036855834237170537
2024-10-25,0.0036431180154532505,0.008052149400782804,0.015671104422712245
2024-10-28,0.008599467873185995,-0.0036435414821714973,0.008773560152184334
2024-10-29,0.0011568294828880887,0.012564736304168322,0.017754173226307124
2024-10-30,-0.015277956529408998,0.0013426889965877375,0.028170712173067436
2024-10-31,-0.018209475044007384,-0.060527487151769255,-0.019202009305219092
2024-11-01,-0.01327960281367424,0.009892818918936896,0.0010519378072533225
2024-11-04,-0.004037586504622825,-0.004654364288400159,-0.011968046828417123
2024-11-05,0.006486244749695169,0.007344670131634645,0.002954447101563007
2024-11-06,-0.00326697058068115,0.021192902073163156,0.03988445798408602
2024-11-07,0.021372150662940292,0.012494587541633129,0.02402129905866701
2024-11-08,-0.0011882140635083305,-0.006793027988239331,-0.013278019547329434
2024-11-11,-0.012028569123718524,-0.01072094069033458,0.011213972107504633
2024-11-12,0.0,0.012009281494861801,0.007041744098852387
2024-11-13,0.0039691607796954465,0.005129679826940681,-0.015086435478466997
2024-11-14,0.013770453665422844,0.003974627243335194,-0.018448052678443516
2024-11-15,-0.014109252998230515,-0.027852606626585397,-0.017598690450079335
2024-11-18,0.013422260804895059,0.0018313442794843926,0.01629065706715438
2024-11-19,0.001140226990899551,0.004882631381855962,0.016086652203319396
2024-11-20,0.00315399667501004,-0.005505247872446439,-0.012014274252470258
2024-11-21,-0.002096031239889218,-0.00431678413397496,-0.04744855367661682
2024-11-22,0.005907532854041886,0.010003109717373393,-0.017121132899036384
2024-11-25,0.013050863934787493,0.004292634060054201,0.017540655750411416
2024-11-26,0.009404359064732137,0.021968050130088068,0.008768293232053193
2024-11-27,-0.0005529736813679742,-0.011682551380521322,0.0006504504351154683
2024-11-29,0.010215815515815185,0.0011112116204503586,-0.0016545664169163032
2024-12-02,0.00952254510277295,0.017758421343760267,0.015034143129972977
2024-12-03,0.01277184654938357,0.0005105107132969966,-0.0008747765065227897
2024-12-04,0.0014836067630179528,0.014424834962612598,0.01768413357540255
2024-12-05,0.00012342976380663728,0.011887887529788754,-0.009921480667334448
2024-12-06,-0.0008229313638362656,0.002146284553727895,0.011990385765867195
2024-12-09,0.01610119331994797,0.005523358487057983,0.004927991653431496
2024-12-10,0.004133747555261413,-0.006031165981006614,0.05588191327606107
2024-12-11,-0.005166130113880785,0.01276711394661989,0.05524641964336241
2024-12-12,0.005963787738377357,0.0012694323621122994,-0.01760474081087482
2024-12-13,0.0006855753623682403,-0.0050938475186173005,-0.011148208862251208
2024-12-16,0.01172767265337904,0.009658554366842598,0.036034121821726606
2024-12-17,0.009719565467067426,0.006355392087362244,-0.00630537541147802
2024-12-18,-0.021421742389975296,-0.037561028320673095,-0.035922564288959014
2024-12-19,0.007014700854068412,-0.000823113059537528,0.0005837861376487563
2024-12-20,0.01881586884400277,-0.0009838247573629166,0.015383862696629835
2024-12-23,0.003064949277328255,-0.0030921186548961144,0.016822503838496594
2024-12-24,0.011478078798297098,0.00937389430158353,0.007604206867432239
2024-12-26,0.0031757022052907313,-0.0027769661867548256,-0.0026006168480664504
2024-12-27,-0.013242189631401002,-0.017301580042690667,-0.014519479164785132
2024-12-30,-0.013263405700418285,-0.013239548425254877,-0.007885309835515275
2024-12-31,-0.007057868847835769,-0.007838391786616716,-0.010144398179365188
2025-01-02,-0.02623590034517398,-0.0069276319892106475,0.0006866929903019958
2025-01-03,-0.0020094719164758246,0.011395690913117651,0.01245840905874096
2025-01-06,0.006738962497692569,0.01062948420397336,0.026487400742724487
2025-01-07,-0.011387728348441928,-0.012808233998711449,-0.00700966962427807
2025-01-08,0.0020229517944618802,0.005185021802448508,-0.007877683719385797
2025-01-10,-0.02410377058241131,-0.01321364918787471,-0.009848010375424598
2025-01-13,-0.010344111869874384,-0.0042009930696885744,-0.005363394636477947
2025-01-14,-0.004778177619604307,-0.003643379686998016,-0.007067615421276763
2025-01-15,0.01967590353885762,0.025597138196982394,0.031055507922099546
2025-01-16,-0.040400197202423715,-0.004058113985919931,-0.01350037980988228
2025-01-17,0.007535289904717857,0.01048100950174291,0.016017855601048403
2025-01-21,-0.03191584242275669,-0.001235307340181957,0.010459184350303463
2025-01-22,0.005344940326970304,0.0413068643925294,0.0016157484269967437
2025-01-23,-0.0007594155431922545,0.0011429388254815542,-0.0019660409014227165
2025-01-24,-0.003934618881068941,-0.005932217512447546,0.01126379099986008
2025-01-27,0.03178021246174478,-0.02139352196505484,-0.04195592643007018
2025-01-28,0.036544009313905335,0.029086948475956387,0.018195065106598296
2025-01-29,0.004616861839717767,-0.010890051581318061,0.0005632391387924152
2025-01-30,-0.007394810181489464,-0.06180906015663257,0.027941269819776515
2025-01-31,-0.006692105896604739,0.0001686806097984661,0.01568173847388299
2025-02-03,-0.03385596097600685,-0.00997439144247858,-0.013675184841584476
2025-02-04,0.021007849785575905,0.003528620548751915,0.025592720368541988
2025-02-05,-0.0014175365599596867,0.0022309986607025323,-0.07292373337949898
2025-02-06,0.0032262413419859026,0.006121644653300784,0.0014111748452267925
2025-02-07,-0.023968808052454382,-0.014597663592886279,-0.03267231778047697
2025-02-10,0.001187402819233352,0.006027992716405972,0.006096981803378698
2025-02-11,0.021831803540614203,-0.0018921823905975188,-0.006167156112434347
2025-02-12,0.018270124983095215,-0.0058331713876621505,-0.009227422489329173
2025-02-13,0.019673251594414687,0.003667141798346485,0.013779282412064164
2025-02-14,0.012710634620810346,-0.005139596503319299,-0.0048888649687081065
2025-02-18,-0.0005314473407393994,0.002962607154300967,-0.007882016153277882
2025-02-19,0.0016361257362533799,0.012523114159079807,0.008162361005700225
2025-02-20,0.003920499828318658,0.005290739160547231,-0.003832258351059825
2025-02-21,-0.00113899548628138,-0.01903258752394521,-0.02654961936062261
2025-02-24,0.006312374426695078,-0.010313283396669815,-0.0022820544756012584
2025-02-25,-0.00024287786026089275,-0.015099046746813394,-0.02136689162547578
2025-02-26,-0.02704014704854596,0.004599179960434796,-0.015334615315869438
2025-02-27,-0.012730870465012423,-0.018012138270736222,-0.024489037298889182
2025-02-28,0.019131850042938936,0.011362152055171881,0.010563798338098174
2025-03-03,-0.01575420844555464,-0.021411149866034984,-0.019203720778162126
2025-03-04,-0.008822394407277834,0.0003088918675422381,0.023411818113465932
2025-03-05,-0.00080528912081268,0.03193435545362511,0.012286533537944733
2025-03-06,-0.001739231992483825,-0.01029867397225015,-0.0038724217115509996
2025-03-07,0.015892599518165573,-0.00902017184507753,0.008761152221303803
2025-03-10,-0.048479556019480285,-0.03343414152194846,-0.04485775765754507
2025-03-11,-0.029189369991345693,0.0007628120251021997,-0.011032749174012868
2025-03-12,-0.01747874085652046,0.007412240418697147,0.01871501871101411
2025-03-13,-0.03364363655414282,-0.011741087272256534,-0.026030767166074886
2025-03-14,0.018170607228777946,0.025846832027435207,0.016773167587501137
2025-03-17,0.0023888284785511527,0.00036037448101744474,-0.007251275543762592
2025-03-18,-0.006121514854312005,-0.013326535354080349,-0.022034166241239217
2025-03-19,0.011989284654961185,0.011211995643548356,0.02004110132066028
2025-03-20,-0.005296399395350315,-0.0025270404363522125,-0.00665081488049446
2025-03-21,0.019476864216797063,0.01142598000876327,0.007309625425567345
2025-03-24,0.011270415277146784,0.0046516011094202,0.022501330786470986
2025-03-25,0.013681907487435252,0.0052915793785131005,0.017175530615612278
2025-03-26,-0.009921829910472746,-0.013133898780452458,-0.03224670342190605
2025-03-27,0.010472664101739193,0.0015641560750383476,-0.01708459934255757
2025-03-28,-0.026580331841719373,-0.030160299683633873,-0.04875493245810503
2025-03-31,0.01941262938948185,-0.00900202199039657,0.0020086236883958275
2025-04-01,0.0047719677349307155,0.01811448693904727,0.015713923992858092
2025-04-02,0.0031363329678670837,-0.00013079316736497315,-0.0001910265566792413
2025-04-03,-0.09245607865732186,-0.023630176386656987,-0.04024445564491608
2025-04-04,-0.07288743866843539,-0.03556587595332028,-0.033970314960717674
2025-04-07,-0.03673424332398123,-0.005502466942461259,0.00789832311071903
2025-04-08,-0.04981817590892468,-0.009221462386419077,-0.013969299106298405
2025-04-09,0.15328847287251235,0.10133680183689964,0.0968209888241609
2025-04-10,-0.04239376701864894,-0.023406436264966968,-0.037111684087294594
2025-04-11,0.04059440800152636,0.018618109995704346,0.028268531101652172
2025-04-14,0.022054058188669234,-0.0016476452344493797,0.012282085870185977
2025-04-15,-0.0018763529360197317,-0.00536340853315842,-0.017350884399436217
2025-04-16,-0.038933422866557765,-0.0366059709875346,-0.019064665300825512
2025-04-17,0.013949660263602004,-0.010306466637081124,-0.014152464732423709
2025-04-21,-0.01939285818167713,-0.02354669598833048,-0.023088209908510238
2025-04-22,0.03406509309381045,0.021441365970604753,0.025733087702574764
2025-04-23,0.024331642471539405,0.02063680640963783,0.025615712371535926
2025-04-24,0.01842611058414434,0.0344827023017622,0.02529760909645562
2025-04-25,0.0043672566618262465,0.011748063395430552,0.016825801615046654
2025-04-28,0.004109316416853082,-0.0017609177838886492,-0.008335426614863306
2025-04-29,0.005091866558952551,0.007362723417452921,-0.002801766573036657
2025-04-30,0.006107685399838969,0.003096155394971545,-0.008491585154081771
2025-05-01,0.0038588132637511485,0.07625354787917771,0.015743083407402825
2025-05-02,-0.03736171853104364,0.02322523065499027,0.01692498940394538
2025-05-05,-0.031458476823956305,0.002044655386012728,0.0010974332189115366
2025-05-06,-0.001910675608042589,-0.00655709413868899,-0.005968095543116836
2025-05-07,-0.011384787531095841,9.236077600838222e-05,-0.07259689872418995
2025-05-08,0.006318532712122682,0.011122625157401034,0.019157128722583572
2025-05-09,0.005266075366584078,0.001278080867763709,-0.00991704946463734
2025-05-12,0.06314615798599066,0.024001040839065624,0.037381332437200765
2025-05-13,0.010152281691776288,-0.00026704095955087936,0.006752422177654704
2025-05-14,-0.0028177845553216674,0.008460529904765979,0.03660758781864093
2025-05-15,-0.004144515024837148,0.0022561313934634786,-0.008526332282145943
2025-05-16,-0.0008985691376138805,0.0025157992597604206,0.01360091835013777
2025-05-19,-0.011739069355408915,0.010126150119454946,0.0021059436073365134
2025-05-20,-0.009196274452396014,-0.0015254466339085226,-0.01537165558773157
2025-05-21,-0.02305909435553888,-0.012222550449384473,0.027930240360199754
2025-05-22,-0.003612230891026025,0.005059942086933722,0.01370430903790143
2025-05-23,-0.03024432021966106,-0.01028886432418119,-0.014045746489189215
2025-05-27,0.025298316860348224,0.023346239141272207,0.026295443210156533
2025-05-28,0.0010488559414427723,-0.007228325060662177,-0.003123135350091011
2025-05-29,-0.0023450814539321962,0.002886145195242884,-0.002900960076056558
2025-05-30,0.0045011711378339925,0.0036626683147453765,-0.000698170693222866
2025-06-02,0.0042319682295079986,0.003497297593992865,-0.015779682933234063
2025-06-03,0.0077838738124602624,0.0021646427199983886,-0.01686093363108765
2025-06-04,-0.00221378923984783,0.001943957263130125,0.011252845755370444
2025-06-05,-0.010797763348392997,0.00821350291827172,0.0009521811256865131
2025-06-06,0.0163983113495636,0.005773204433192403,0.0325187398698803
2025-06-09,-0.012112599268742419,0.005038469094318598,0.0151035371418764
2025-06-10,0.0060560994747325125,-0.003870939338478263,0.014254130375519258
2025-06-11,-0.019193760422328232,0.003609915996305446,-0.006998879939990044
2025-06-12,0.002112879422097258,0.013224154848654468,-0.009303688178676217
2025-06-13,-0.013805221095031128,-0.008165062964850311,-0.005862258378981577
2025-06-16,0.010028003315378786,0.008800790105611966,0.01202270639222447
2025-06-17,-0.014010678383989505,-0.0022957926073503554,-0.004638837497310089
2025-06-18,0.004804755900321256,0.004602086959519358,-0.014947369534749622
2025-06-20,0.022484475164182616,-0.00591370230643351,-0.0385414704147482
2025-06-23,0.0024875621890547706,0.018014256835915177,-0.008701373941149115
2025-06-24,-0.005955319842392948,0.00845675998263884,0.009564754571724787
2025-06-25,0.0062905366332437485,0.004407181503474078,0.02344539367482623
2025-06-26,-0.002778316954637594,0.010522727992698044,0.01675650769322634
2025-06-27,0.00039801905997349785,-0.003035500509740774,0.028754210477215603
2025-06-30,0.020340144721736175,0.0029640706808617967,-0.01288300603531134
2025-07-01,0.012916163079025322,-0.01077585056528474,-0.002213013670223307
2025-07-02,0.022230752354752248,-0.001951003920118044,0.015923584565922022
2025-07-03,0.005225007520218483,0.015781221482401575,0.004982083479003974
2025-07-07,-0.016857907057220234,-0.0022451991127608872,-0.015262103892355383
2025-07-08,0.00028577070476720756,-0.002210090213006888,-0.01374508042346223
2025-07-09,0.005380719548448543,0.013873816431438035,0.012961656910557284
2025-07-10,0.0060149866256142825,-0.004031694981082468,0.0056618731040984915
2025-07-11,-0.005884845244805148,0.0036691319645456577,0.014469132951631547
2025-07-14,-0.012028833590031152,-0.0005960786501253423,0.007603058430686094
2025-07-15,0.0023487944810314243,0.005566415593219576,0.0024234547660435535
2025-07-16,0.005021295245053015,-0.0003954216996858717,0.005329677036830294
2025-07-17,-0.0006661562010320532,0.01202487470542879,0.0033338831845759476
2025-07-18,0.005523228167424676,-0.003224593266952902,0.008061857025696506
2025-07-21,0.006155900638530998,1.96250678650145e-05,0.0272344569945544
2025-07-22,0.00903613614246912,-0.009391068830822413,0.006522831112902638
2025-07-23,-0.0011660448093142595,0.0011874960250199962,-0.005801194897021911
2025-07-24,-0.0018211505989440546,0.009903749607573342,0.010198194212151845
2025-07-25,0.0005614258002459849,0.005539494720473437,0.0052557345915569265
2025-07-28,0.0007948296477664485,-0.0023554572052336686,-0.003105864310356088
2025-07-29,-0.012987613826964783,0.0001365996570121819,0.016460681996079085
2025-07-30,-0.010507886476113892,0.0013071051770152664,0.003984668093470534
2025-07-31,-0.007079625476841711,0.03947472946598163,-0.023558769203535168
2025-08-01,-0.025003624118486445,-0.01760077722293818,-0.014434544563696416
2025-08-04,0.004792969647692269,0.021999255154699693,0.031248285574688284
2025-08-05,-0.002114619727876521,-0.014730069510613508,-0.0018970217900114994
2025-08-06,0.05090677076812433,-0.005324486136605855,0.0072943863065790815
2025-08-07,0.03179366367782821,-0.007810369883928137,0.0021929111255085676
2025-08-08,0.04235789381413979,0.0023038766415852674,0.024933817372051692
